{
    "confidence_score": 0.8869419097900391,
    "ptm": 0.937084972858429,
    "iptm": 0.9326858520507812,
    "ligand_iptm": 0.9536548852920532,
    "protein_iptm": 0.928478479385376,
    "complex_plddt": 0.8755058646202087,
    "complex_iplddt": 0.8823757171630859,
    "complex_pde": 0.4116874039173126,
    "complex_ipde": 0.7399139404296875,
    "chains_ptm": {
        "0": 0.9475640058517456,
        "1": 0.9463766813278198,
        "2": 0.9274812936782837,
        "3": 0.9283839464187622
    },
    "pair_chains_iptm": {
        "0": {
            "0": 0.9475640058517456,
            "1": 0.928478479385376,
            "2": 0.5270937085151672,
            "3": 0.4466453194618225
        },
        "1": {
            "0": 0.9274004697799683,
            "1": 0.9463766813278198,
            "2": 0.4462816119194031,
            "3": 0.5268036723136902
        },
        "2": {
            "0": 0.9584784507751465,
            "1": 0.9509230852127075,
            "2": 0.9274812936782837,
            "3": 0.5007236003875732
        },
        "3": {
            "0": 0.9508744478225708,
            "1": 0.9588021636009216,
            "2": 0.4968627393245697,
            "3": 0.9283839464187622
        }
    }
}