{
    "confidence_score": 0.8778207898139954,
    "ptm": 0.8994889855384827,
    "iptm": 0.8884445428848267,
    "ligand_iptm": 0.0,
    "protein_iptm": 0.8884445428848267,
    "complex_plddt": 0.8751648664474487,
    "complex_iplddt": 0.8914439082145691,
    "complex_pde": 0.4809836745262146,
    "complex_ipde": 1.2779414653778076,
    "chains_ptm": {
        "0": 0.9172818660736084,
        "1": 0.9181273579597473
    },
    "pair_chains_iptm": {
        "0": {
            "0": 0.9172818660736084,
            "1": 0.888214111328125
        },
        "1": {
            "0": 0.8884445428848267,
            "1": 0.9181273579597473
        }
    }
}