{
    "confidence_score": 0.8461868166923523,
    "ptm": 0.8843457102775574,
    "iptm": 0.8691346645355225,
    "ligand_iptm": 0.0,
    "protein_iptm": 0.8691346645355225,
    "complex_plddt": 0.8404499292373657,
    "complex_iplddt": 0.8475378155708313,
    "complex_pde": 0.5080589056015015,
    "complex_ipde": 1.4558045864105225,
    "chains_ptm": {
        "0": 0.9146379232406616,
        "1": 0.9141669273376465
    },
    "pair_chains_iptm": {
        "0": {
            "0": 0.9146379232406616,
            "1": 0.8691346645355225
        },
        "1": {
            "0": 0.8687968850135803,
            "1": 0.9141669273376465
        }
    }
}