{
    "confidence_score": 0.8966608047485352,
    "ptm": 0.9315181374549866,
    "iptm": 0.9280585646629333,
    "ligand_iptm": 0.9521937370300293,
    "protein_iptm": 0.9239631295204163,
    "complex_plddt": 0.8888113498687744,
    "complex_iplddt": 0.9032377600669861,
    "complex_pde": 0.43378549814224243,
    "complex_ipde": 0.7502885460853577,
    "chains_ptm": {
        "0": 0.9397186040878296,
        "1": 0.9405946731567383,
        "2": 0.9325621724128723,
        "3": 0.9337865114212036
    },
    "pair_chains_iptm": {
        "0": {
            "0": 0.9397186040878296,
            "1": 0.9228676557540894,
            "2": 0.5469872951507568,
            "3": 0.4871831238269806
        },
        "1": {
            "0": 0.9239631295204163,
            "1": 0.9405946731567383,
            "2": 0.47818487882614136,
            "3": 0.5550340414047241
        },
        "2": {
            "0": 0.9559786915779114,
            "1": 0.9481642842292786,
            "2": 0.9325621724128723,
            "3": 0.5844537615776062
        },
        "3": {
            "0": 0.9487435817718506,
            "1": 0.9571998715400696,
            "2": 0.5798708200454712,
            "3": 0.9337865114212036
        }
    }
}