{
    "confidence_score": 0.8343356251716614,
    "ptm": 0.9176341891288757,
    "iptm": 0.9130924940109253,
    "ligand_iptm": 0.9467540979385376,
    "protein_iptm": 0.9060428738594055,
    "complex_plddt": 0.8146463632583618,
    "complex_iplddt": 0.7975892424583435,
    "complex_pde": 0.4561971127986908,
    "complex_ipde": 0.8371007442474365,
    "chains_ptm": {
        "0": 0.9281255006790161,
        "1": 0.9278215169906616,
        "2": 0.9296844005584717,
        "3": 0.9308223128318787
    },
    "pair_chains_iptm": {
        "0": {
            "0": 0.9281255006790161,
            "1": 0.9060428738594055,
            "2": 0.5045409202575684,
            "3": 0.44453462958335876
        },
        "1": {
            "0": 0.905908465385437,
            "1": 0.9278215169906616,
            "2": 0.44413766264915466,
            "3": 0.5070692300796509
        },
        "2": {
            "0": 0.9525214433670044,
            "1": 0.9426688551902771,
            "2": 0.9296844005584717,
            "3": 0.5565133094787598
        },
        "3": {
            "0": 0.9423816204071045,
            "1": 0.9528202414512634,
            "2": 0.5688232779502869,
            "3": 0.9308223128318787
        }
    }
}