{
    "confidence_score": 0.8803809285163879,
    "ptm": 0.9184420704841614,
    "iptm": 0.9143405556678772,
    "ligand_iptm": 0.9457826018333435,
    "protein_iptm": 0.9082761406898499,
    "complex_plddt": 0.8718909621238708,
    "complex_iplddt": 0.8787879943847656,
    "complex_pde": 0.467782586812973,
    "complex_ipde": 0.8167760372161865,
    "chains_ptm": {
        "0": 0.9293928146362305,
        "1": 0.929520308971405,
        "2": 0.9362927079200745,
        "3": 0.9374638795852661
    },
    "pair_chains_iptm": {
        "0": {
            "0": 0.9293928146362305,
            "1": 0.9082091450691223,
            "2": 0.513155460357666,
            "3": 0.4576403796672821
        },
        "1": {
            "0": 0.9082761406898499,
            "1": 0.929520308971405,
            "2": 0.4542292654514313,
            "3": 0.5219445824623108
        },
        "2": {
            "0": 0.9494519233703613,
            "1": 0.9397191405296326,
            "2": 0.9362927079200745,
            "3": 0.4970723092556
        },
        "3": {
            "0": 0.9444065093994141,
            "1": 0.9531697630882263,
            "2": 0.4914151728153229,
            "3": 0.9374638795852661
        }
    }
}