{
    "confidence_score": 0.8569772839546204,
    "ptm": 0.8967844247817993,
    "iptm": 0.8853849172592163,
    "ligand_iptm": 0.0,
    "protein_iptm": 0.8853849172592163,
    "complex_plddt": 0.8498753309249878,
    "complex_iplddt": 0.8689436316490173,
    "complex_pde": 0.48232340812683105,
    "complex_ipde": 1.2921298742294312,
    "chains_ptm": {
        "0": 0.9191238880157471,
        "1": 0.919185221195221
    },
    "pair_chains_iptm": {
        "0": {
            "0": 0.9191238880157471,
            "1": 0.8840911388397217
        },
        "1": {
            "0": 0.8853849172592163,
            "1": 0.919185221195221
        }
    }
}