{
    "confidence_score": 0.8809625506401062,
    "ptm": 0.904215395450592,
    "iptm": 0.8950650691986084,
    "ligand_iptm": 0.0,
    "protein_iptm": 0.8950650691986084,
    "complex_plddt": 0.8774369359016418,
    "complex_iplddt": 0.8925826549530029,
    "complex_pde": 0.4382038116455078,
    "complex_ipde": 1.114547848701477,
    "chains_ptm": {
        "0": 0.9208306074142456,
        "1": 0.921502411365509
    },
    "pair_chains_iptm": {
        "0": {
            "0": 0.9208306074142456,
            "1": 0.8937897086143494
        },
        "1": {
            "0": 0.8950650691986084,
            "1": 0.921502411365509
        }
    }
}