{
    "confidence_score": 0.855053722858429,
    "ptm": 0.8793743848800659,
    "iptm": 0.8663722276687622,
    "ligand_iptm": 0.0,
    "protein_iptm": 0.8663722276687622,
    "complex_plddt": 0.8522241115570068,
    "complex_iplddt": 0.8588403463363647,
    "complex_pde": 0.5247458219528198,
    "complex_ipde": 1.5792455673217773,
    "chains_ptm": {
        "0": 0.8997659683227539,
        "1": 0.9022137522697449
    },
    "pair_chains_iptm": {
        "0": {
            "0": 0.8997659683227539,
            "1": 0.8650047779083252
        },
        "1": {
            "0": 0.8663722276687622,
            "1": 0.9022137522697449
        }
    }
}