{
    "confidence_score": 0.8483991026878357,
    "ptm": 0.859654426574707,
    "iptm": 0.8464921116828918,
    "ligand_iptm": 0.0,
    "protein_iptm": 0.8464921116828918,
    "complex_plddt": 0.8488757610321045,
    "complex_iplddt": 0.8586416840553284,
    "complex_pde": 0.5779898762702942,
    "complex_ipde": 1.6709100008010864,
    "chains_ptm": {
        "0": 0.8823412656784058,
        "1": 0.8808678388595581
    },
    "pair_chains_iptm": {
        "0": {
            "0": 0.8823412656784058,
            "1": 0.8464921116828918
        },
        "1": {
            "0": 0.8458765745162964,
            "1": 0.8808678388595581
        }
    }
}