prot_name,rmsd
AcrR_4_model_0,0.7497348189353943
AcrR_36_model_0,0.8275904655456543
AcrR_56_model_0,0.8338743448257446
AcrR_51_model_0,0.6684354543685913
AcrR_1_model_0,0.8887935876846313
AcrR_50_model_0,0.848522961139679
AcrR_37_model_0,1.077823519706726
AcrR_20_model_0,0.7059268355369568
AcrR_55_model_0,0.9123405814170837
AcrR_22_model_0,0.833175778388977
AcrR_8_model_0,0.9856732487678528
AcrR_24_model_0,0.9267340898513794
AcrR_5_model_0,1.392128348350525
AcrR_52_model_0,0.7019250988960266
AcrR_6_model_0,1.2021557092666626
AcrR_40_model_0,0.7028705477714539
AcrR_2_model_0,1.311993956565857
AcrR_3_model_0,0.7817494869232178
AcrR_34_model_0,0.6619065403938293
AcrR_7_model_0,0.6141595244407654
AcrR_21_model_0,0.7055084705352783
AcrR_33_model_0,0.7509303689002991
AcrR_35_model_0,0.6925339102745056
AcrR_49_model_0,0.9040949940681458
AcrR_39_model_0,0.89466392993927
AcrR_54_model_0,0.9337489008903503
AcrR_53_model_0,0.7510282397270203
AcrR_19_model_0,1.1279313564300537
AcrR_18_model_0,0.9218000769615173
AcrR_38_model_0,0.9212977290153503
AcrR_23_model_0,0.8252934217453003
AcrR_17_model_0,0.7501751184463501
