{
    "confidence_score": 0.8745235800743103,
    "ptm": 0.9003022909164429,
    "iptm": 0.8889235854148865,
    "ligand_iptm": 0.0,
    "protein_iptm": 0.8889235854148865,
    "complex_plddt": 0.8709235787391663,
    "complex_iplddt": 0.8952439427375793,
    "complex_pde": 0.4844103157520294,
    "complex_ipde": 1.349698543548584,
    "chains_ptm": {
        "0": 0.9207529425621033,
        "1": 0.921958327293396
    },
    "pair_chains_iptm": {
        "0": {
            "0": 0.9207529425621033,
            "1": 0.8880963921546936
        },
        "1": {
            "0": 0.8889235854148865,
            "1": 0.921958327293396
        }
    }
}