{
    "confidence_score": 0.8143310546875,
    "ptm": 0.8518624305725098,
    "iptm": 0.8359529972076416,
    "ligand_iptm": 0.0,
    "protein_iptm": 0.8359529972076416,
    "complex_plddt": 0.8089256286621094,
    "complex_iplddt": 0.8217056393623352,
    "complex_pde": 0.567999541759491,
    "complex_ipde": 1.7253602743148804,
    "chains_ptm": {
        "0": 0.8796242475509644,
        "1": 0.8798813223838806
    },
    "pair_chains_iptm": {
        "0": {
            "0": 0.8796242475509644,
            "1": 0.8355869650840759
        },
        "1": {
            "0": 0.8359529972076416,
            "1": 0.8798813223838806
        }
    }
}