{
    "confidence_score": 0.8338778614997864,
    "ptm": 0.8819308280944824,
    "iptm": 0.8687316179275513,
    "ligand_iptm": 0.0,
    "protein_iptm": 0.8687316179275513,
    "complex_plddt": 0.8251643776893616,
    "complex_iplddt": 0.8341066241264343,
    "complex_pde": 0.5113841891288757,
    "complex_ipde": 1.4642255306243896,
    "chains_ptm": {
        "0": 0.9018054604530334,
        "1": 0.9018910527229309
    },
    "pair_chains_iptm": {
        "0": {
            "0": 0.9018054604530334,
            "1": 0.8687149286270142
        },
        "1": {
            "0": 0.8687316179275513,
            "1": 0.9018910527229309
        }
    }
}