{
    "boltz_results_AcrR_4": {
        "confidence_score": 0.8343356251716614,
        "ptm": 0.9176341891288757,
        "iptm": 0.9130924940109253,
        "ligand_iptm": 0.9467540979385376,
        "protein_iptm": 0.9060428738594055,
        "complex_plddt": 0.8146463632583618,
        "complex_iplddt": 0.7975892424583435,
        "complex_pde": 0.4561971127986908,
        "complex_ipde": 0.8371007442474365,
        "mean_mut_plddt": 0.7751947641372681
    },
    "boltz_results_AcrR_36": {
        "confidence_score": 0.8906101584434509,
        "ptm": 0.9337337613105774,
        "iptm": 0.9291427731513977,
        "ligand_iptm": 0.9516852498054504,
        "protein_iptm": 0.9250180721282959,
        "complex_plddt": 0.8809769749641418,
        "complex_iplddt": 0.8907842040061951,
        "complex_pde": 0.4242086112499237,
        "complex_ipde": 0.7474585175514221,
        "mean_mut_plddt": 0.8945309519767761
    },
    "boltz_results_AcrR_56": {
        "confidence_score": 0.8962408304214478,
        "ptm": 0.9467780590057373,
        "iptm": 0.9436252117156982,
        "ligand_iptm": 0.958605945110321,
        "protein_iptm": 0.9414142966270447,
        "complex_plddt": 0.8843947649002075,
        "complex_iplddt": 0.8998960852622986,
        "complex_pde": 0.3917272984981537,
        "complex_ipde": 0.6649177670478821,
        "mean_mut_plddt": 0.9092680215835571
    },
    "boltz_results_AcrR_51": {
        "confidence_score": 0.8887333869934082,
        "ptm": 0.9263742566108704,
        "iptm": 0.9224516153335571,
        "ligand_iptm": 0.9526745080947876,
        "protein_iptm": 0.9170143008232117,
        "complex_plddt": 0.8803038597106934,
        "complex_iplddt": 0.896212100982666,
        "complex_pde": 0.4496641457080841,
        "complex_ipde": 0.769454836845398,
        "mean_mut_plddt": 0.8879503607749939
    },
    "boltz_results_AcrR_1": {
        "confidence_score": 0.8508341908454895,
        "ptm": 0.9220909476280212,
        "iptm": 0.9179920554161072,
        "ligand_iptm": 0.9547758102416992,
        "protein_iptm": 0.9102886319160461,
        "complex_plddt": 0.8340446949005127,
        "complex_iplddt": 0.826032280921936,
        "complex_pde": 0.45055529475212097,
        "complex_ipde": 0.7726773023605347,
        "mean_mut_plddt": 0.7923747897148132
    },
    "boltz_results_AcrR_50": {
        "confidence_score": 0.9001042246818542,
        "ptm": 0.9472333788871765,
        "iptm": 0.9430446028709412,
        "ligand_iptm": 0.9611167311668396,
        "protein_iptm": 0.9404109120368958,
        "complex_plddt": 0.8893691301345825,
        "complex_iplddt": 0.9014690518379211,
        "complex_pde": 0.3923853635787964,
        "complex_ipde": 0.6525213718414307,
        "mean_mut_plddt": 0.9021961688995361
    },
    "boltz_results_AcrR_37": {
        "confidence_score": 0.8803809285163879,
        "ptm": 0.9184420704841614,
        "iptm": 0.9143405556678772,
        "ligand_iptm": 0.9457826018333435,
        "protein_iptm": 0.9082761406898499,
        "complex_plddt": 0.8718909621238708,
        "complex_iplddt": 0.8787879943847656,
        "complex_pde": 0.467782586812973,
        "complex_ipde": 0.8167760372161865,
        "mean_mut_plddt": 0.8710618019104004
    },
    "boltz_results_AcrR_20": {
        "confidence_score": 0.8482999205589294,
        "ptm": 0.933158814907074,
        "iptm": 0.927717387676239,
        "ligand_iptm": 0.9665469527244568,
        "protein_iptm": 0.919681191444397,
        "complex_plddt": 0.8284454941749573,
        "complex_iplddt": 0.8203155398368835,
        "complex_pde": 0.4011217951774597,
        "complex_ipde": 0.6260440349578857,
        "mean_mut_plddt": 0.8332311511039734
    },
    "boltz_results_AcrR_55": {
        "confidence_score": 0.8944805264472961,
        "ptm": 0.9379689693450928,
        "iptm": 0.9344209432601929,
        "ligand_iptm": 0.9600827097892761,
        "protein_iptm": 0.9293248653411865,
        "complex_plddt": 0.8844953775405884,
        "complex_iplddt": 0.8964318037033081,
        "complex_pde": 0.4039316177368164,
        "complex_ipde": 0.6649028658866882,
        "mean_mut_plddt": 0.9080670475959778
    },
    "boltz_results_AcrR_22": {
        "confidence_score": 0.8798497319221497,
        "ptm": 0.9420992732048035,
        "iptm": 0.9394397139549255,
        "ligand_iptm": 0.9749130606651306,
        "protein_iptm": 0.9320188760757446,
        "complex_plddt": 0.8649522066116333,
        "complex_iplddt": 0.8746063113212585,
        "complex_pde": 0.37754026055336,
        "complex_ipde": 0.6005300283432007,
        "mean_mut_plddt": 0.8776859641075134
    },
    "boltz_results_AcrR_8": {
        "confidence_score": 0.861046314239502,
        "ptm": 0.9282291531562805,
        "iptm": 0.9248579740524292,
        "ligand_iptm": 0.964928925037384,
        "protein_iptm": 0.9166268110275269,
        "complex_plddt": 0.8450934290885925,
        "complex_iplddt": 0.840844988822937,
        "complex_pde": 0.4214644134044647,
        "complex_ipde": 0.6990265846252441,
        "mean_mut_plddt": 0.8321323394775391
    },
    "boltz_results_AcrR_24": {
        "confidence_score": 0.8807615637779236,
        "ptm": 0.9295254349708557,
        "iptm": 0.9264343976974487,
        "ligand_iptm": 0.9635578989982605,
        "protein_iptm": 0.9186598062515259,
        "complex_plddt": 0.8693432807922363,
        "complex_iplddt": 0.870548665523529,
        "complex_pde": 0.40890413522720337,
        "complex_ipde": 0.6990724205970764,
        "mean_mut_plddt": 0.8903514742851257
    },
    "boltz_results_AcrR_5": {
        "confidence_score": 0.8797045946121216,
        "ptm": 0.9227064847946167,
        "iptm": 0.920307457447052,
        "ligand_iptm": 0.9652231335639954,
        "protein_iptm": 0.9110071659088135,
        "complex_plddt": 0.8695538640022278,
        "complex_iplddt": 0.873357355594635,
        "complex_pde": 0.42348283529281616,
        "complex_ipde": 0.7143375873565674,
        "mean_mut_plddt": 0.8663256764411926
    },
    "boltz_results_AcrR_52": {
        "confidence_score": 0.8982753753662109,
        "ptm": 0.9445152878761292,
        "iptm": 0.9412872791290283,
        "ligand_iptm": 0.9598904848098755,
        "protein_iptm": 0.9383096694946289,
        "complex_plddt": 0.8875223994255066,
        "complex_iplddt": 0.8942850232124329,
        "complex_pde": 0.377856582403183,
        "complex_ipde": 0.6421951055526733,
        "mean_mut_plddt": 0.9036960005760193
    },
    "boltz_results_AcrR_6": {
        "confidence_score": 0.8583845496177673,
        "ptm": 0.9098422527313232,
        "iptm": 0.9062361717224121,
        "ligand_iptm": 0.9579928517341614,
        "protein_iptm": 0.8954719305038452,
        "complex_plddt": 0.8464216589927673,
        "complex_iplddt": 0.850744366645813,
        "complex_pde": 0.47807127237319946,
        "complex_ipde": 0.8337603211402893,
        "mean_mut_plddt": 0.8352394700050354
    },
    "boltz_results_AcrR_40": {
        "confidence_score": 0.8769303560256958,
        "ptm": 0.9154268503189087,
        "iptm": 0.9104615449905396,
        "ligand_iptm": 0.939507007598877,
        "protein_iptm": 0.9044626355171204,
        "complex_plddt": 0.8685474991798401,
        "complex_iplddt": 0.8756038546562195,
        "complex_pde": 0.47751933336257935,
        "complex_ipde": 0.8719288110733032,
        "mean_mut_plddt": 0.8907414078712463
    },
    "boltz_results_AcrR_2": {
        "confidence_score": 0.8439366221427917,
        "ptm": 0.9254805445671082,
        "iptm": 0.9204016923904419,
        "ligand_iptm": 0.9452023506164551,
        "protein_iptm": 0.9154395461082458,
        "complex_plddt": 0.824820339679718,
        "complex_iplddt": 0.8058551549911499,
        "complex_pde": 0.45817020535469055,
        "complex_ipde": 0.8365209698677063,
        "mean_mut_plddt": 0.7950869798660278
    },
    "boltz_results_AcrR_3": {
        "confidence_score": 0.8675905466079712,