{
    "confidence_score": 0.8807615637779236,
    "ptm": 0.9295254349708557,
    "iptm": 0.9264343976974487,
    "ligand_iptm": 0.9635578989982605,
    "protein_iptm": 0.9186598062515259,
    "complex_plddt": 0.8693432807922363,
    "complex_iplddt": 0.870548665523529,
    "complex_pde": 0.40890413522720337,
    "complex_ipde": 0.6990724205970764,
    "chains_ptm": {
        "0": 0.9379550814628601,
        "1": 0.9383793473243713,
        "2": 0.9328346848487854,
        "3": 0.9348388314247131
    },
    "pair_chains_iptm": {
        "0": {
            "0": 0.9379550814628601,
            "1": 0.9186598062515259,
            "2": 0.5509723424911499,
            "3": 0.4813598692417145
        },
        "1": {
            "0": 0.9186046719551086,
            "1": 0.9383793473243713,
            "2": 0.4733358323574066,
            "3": 0.560308575630188
        },
        "2": {
            "0": 0.9670012593269348,
            "1": 0.9589180946350098,
            "2": 0.9328346848487854,
            "3": 0.6012917160987854
        },
        "3": {
            "0": 0.9606349468231201,
            "1": 0.9690082669258118,
            "2": 0.6029043197631836,
            "3": 0.9348388314247131
        }
    }
}