{
    "confidence_score": 0.8678842782974243,
    "ptm": 0.8910261988639832,
    "iptm": 0.8789839744567871,
    "ligand_iptm": 0.0,
    "protein_iptm": 0.8789839744567871,
    "complex_plddt": 0.8651092648506165,
    "complex_iplddt": 0.8659430146217346,
    "complex_pde": 0.5032782554626465,
    "complex_ipde": 1.4594346284866333,
    "chains_ptm": {
        "0": 0.9142834544181824,
        "1": 0.9146592020988464
    },
    "pair_chains_iptm": {
        "0": {
            "0": 0.9142834544181824,
            "1": 0.878615140914917
        },
        "1": {
            "0": 0.8789839744567871,
            "1": 0.9146592020988464
        }
    }
}