{
    "confidence_score": 0.9044836163520813,
    "ptm": 0.9512583017349243,
    "iptm": 0.9487436413764954,
    "ligand_iptm": 0.966615617275238,
    "protein_iptm": 0.9453836679458618,
    "complex_plddt": 0.8934186100959778,
    "complex_iplddt": 0.8997828960418701,
    "complex_pde": 0.35605189204216003,
    "complex_ipde": 0.580410361289978,
    "chains_ptm": {
        "0": 0.9577892422676086,
        "1": 0.958166778087616,
        "2": 0.9315375685691833,
        "3": 0.9322023987770081
    },
    "pair_chains_iptm": {
        "0": {
            "0": 0.9577892422676086,
            "1": 0.9453303813934326,
            "2": 0.5705981254577637,
            "3": 0.5067060589790344
        },
        "1": {
            "0": 0.9453836679458618,
            "1": 0.958166778087616,
            "2": 0.5037317276000977,
            "3": 0.5760931968688965
        },
        "2": {
            "0": 0.9703858494758606,
            "1": 0.9647011756896973,
            "2": 0.9315375685691833,
            "3": 0.5749813318252563
        },
        "3": {
            "0": 0.9642502665519714,
            "1": 0.9697481393814087,
            "2": 0.5698881149291992,
            "3": 0.9322023987770081
        }
    }
}