{
    "confidence_score": 0.8462085723876953,
    "ptm": 0.879374086856842,
    "iptm": 0.8672358989715576,
    "ligand_iptm": 0.0,
    "protein_iptm": 0.8672358989715576,
    "complex_plddt": 0.8409517407417297,
    "complex_iplddt": 0.8591519594192505,
    "complex_pde": 0.5167401432991028,
    "complex_ipde": 1.4573729038238525,
    "chains_ptm": {
        "0": 0.901685893535614,
        "1": 0.9002878069877625
    },
    "pair_chains_iptm": {
        "0": {
            "0": 0.901685893535614,
            "1": 0.8672358989715576
        },
        "1": {
            "0": 0.8653410077095032,
            "1": 0.9002878069877625
        }
    }
}