{
    "confidence_score": 0.8944805264472961,
    "ptm": 0.9379689693450928,
    "iptm": 0.9344209432601929,
    "ligand_iptm": 0.9600827097892761,
    "protein_iptm": 0.9293248653411865,
    "complex_plddt": 0.8844953775405884,
    "complex_iplddt": 0.8964318037033081,
    "complex_pde": 0.4039316177368164,
    "complex_ipde": 0.6649028658866882,
    "chains_ptm": {
        "0": 0.9461937546730042,
        "1": 0.94672691822052,
        "2": 0.9329391717910767,
        "3": 0.9350513815879822
    },
    "pair_chains_iptm": {
        "0": {
            "0": 0.9461937546730042,
            "1": 0.9293248653411865,
            "2": 0.545102596282959,
            "3": 0.4930635988712311
        },
        "1": {
            "0": 0.929085373878479,
            "1": 0.94672691822052,
            "2": 0.4852904975414276,
            "3": 0.5524938702583313
        },
        "2": {
            "0": 0.9637064337730408,
            "1": 0.9562795162200928,
            "2": 0.9329391717910767,
            "3": 0.5599967837333679
        },
        "3": {
            "0": 0.9572958946228027,
            "1": 0.9645854830741882,
            "2": 0.5625929236412048,
            "3": 0.9350513815879822
        }
    }
}