{
    "confidence_score": 0.897619366645813,
    "ptm": 0.9274551868438721,
    "iptm": 0.920686662197113,
    "ligand_iptm": 0.9355973601341248,
    "protein_iptm": 0.9182227253913879,
    "complex_plddt": 0.8918524980545044,
    "complex_iplddt": 0.8774400353431702,
    "complex_pde": 0.4369819462299347,
    "complex_ipde": 0.8792176842689514,
    "chains_ptm": {
        "0": 0.9400442838668823,
        "1": 0.9399676322937012,
        "2": 0.9299330115318298,
        "3": 0.930206835269928
    },
    "pair_chains_iptm": {
        "0": {
            "0": 0.9400442838668823,
            "1": 0.9170868396759033,
            "2": 0.5277002453804016,
            "3": 0.4420781433582306
        },
        "1": {
            "0": 0.9182227253913879,
            "1": 0.9399676322937012,
            "2": 0.44000038504600525,
            "3": 0.530158281326294
        },
        "2": {
            "0": 0.9435324668884277,
            "1": 0.9265843629837036,
            "2": 0.9299330115318298,
            "3": 0.5059211850166321
        },
        "3": {
            "0": 0.9324858784675598,
            "1": 0.9467800259590149,
            "2": 0.5054621696472168,
            "3": 0.930206835269928
        }
    }
}