{
    "confidence_score": 0.9034464955329895,
    "ptm": 0.9364734888076782,
    "iptm": 0.9296165108680725,
    "ligand_iptm": 0.9462172389030457,
    "protein_iptm": 0.9268124103546143,
    "complex_plddt": 0.896903932094574,
    "complex_iplddt": 0.8856815099716187,
    "complex_pde": 0.4063260555267334,
    "complex_ipde": 0.7846506834030151,
    "chains_ptm": {
        "0": 0.9491279721260071,
        "1": 0.9496055841445923,
        "2": 0.9264509677886963,
        "3": 0.9284522533416748
    },
    "pair_chains_iptm": {
        "0": {
            "0": 0.9491279721260071,
            "1": 0.9263674020767212,
            "2": 0.5452886819839478,
            "3": 0.4554574489593506
        },
        "1": {
            "0": 0.9268124103546143,
            "1": 0.9496055841445923,
            "2": 0.454814076423645,
            "3": 0.5440981984138489
        },
        "2": {
            "0": 0.9548344612121582,
            "1": 0.9395110607147217,
            "2": 0.9264509677886963,
            "3": 0.5650258660316467
        },
        "3": {
            "0": 0.9402616024017334,
            "1": 0.9542008638381958,
            "2": 0.5517165660858154,
            "3": 0.9284522533416748
        }
    }
}