{
    "confidence_score": 0.9015771150588989,
    "ptm": 0.9344573020935059,
    "iptm": 0.9276169538497925,
    "ligand_iptm": 0.9425399899482727,
    "protein_iptm": 0.925055980682373,
    "complex_plddt": 0.8950670957565308,
    "complex_iplddt": 0.8822841048240662,
    "complex_pde": 0.4126416742801666,
    "complex_ipde": 0.7992226481437683,
    "chains_ptm": {
        "0": 0.9484084248542786,
        "1": 0.9481081366539001,
        "2": 0.9280955791473389,
        "3": 0.9284932613372803
    },
    "pair_chains_iptm": {
        "0": {
            "0": 0.9484084248542786,
            "1": 0.925055980682373,
            "2": 0.5435571074485779,
            "3": 0.44705161452293396
        },
        "1": {
            "0": 0.9250240325927734,
            "1": 0.9481081366539001,
            "2": 0.45146384835243225,
            "3": 0.5372026562690735
        },
        "2": {
            "0": 0.9515957832336426,
            "1": 0.9356268048286438,
            "2": 0.9280955791473389,
            "3": 0.5461970567703247
        },
        "3": {
            "0": 0.937117874622345,
            "1": 0.9507636427879333,
            "2": 0.5533225536346436,
            "3": 0.9284932613372803
        }
    }
}