{
    "confidence_score": 0.9013733267784119,
    "ptm": 0.923598051071167,
    "iptm": 0.9172071218490601,
    "ligand_iptm": 0.9325909614562988,
    "protein_iptm": 0.9147115349769592,
    "complex_plddt": 0.8974148631095886,
    "complex_iplddt": 0.885558009147644,
    "complex_pde": 0.4402811527252197,
    "complex_ipde": 0.8978949189186096,
    "chains_ptm": {
        "0": 0.9375550746917725,
        "1": 0.9394751191139221,
        "2": 0.9262696504592896,
        "3": 0.9279991388320923
    },
    "pair_chains_iptm": {
        "0": {
            "0": 0.9375550746917725,
            "1": 0.9128249287605286,
            "2": 0.5142709612846375,
            "3": 0.4280846118927002
        },
        "1": {
            "0": 0.9147115349769592,
            "1": 0.9394751191139221,
            "2": 0.4289705455303192,
            "3": 0.5104692578315735
        },
        "2": {
            "0": 0.9412276744842529,
            "1": 0.9237131476402283,
            "2": 0.9262696504592896,
            "3": 0.51960289478302
        },
        "3": {
            "0": 0.9283236861228943,
            "1": 0.9440171718597412,
            "2": 0.5215912461280823,
            "3": 0.9279991388320923
        }
    }
}