{
    "confidence_score": 0.9085588455200195,
    "ptm": 0.9507477879524231,
    "iptm": 0.9455628395080566,
    "ligand_iptm": 0.9543848037719727,
    "protein_iptm": 0.9440588355064392,
    "complex_plddt": 0.8993077874183655,
    "complex_iplddt": 0.8888456225395203,
    "complex_pde": 0.36543360352516174,
    "complex_ipde": 0.6677901744842529,
    "chains_ptm": {
        "0": 0.9638151526451111,
        "1": 0.9630332589149475,
        "2": 0.9282050728797913,
        "3": 0.9280849099159241
    },
    "pair_chains_iptm": {
        "0": {
            "0": 0.9638151526451111,
            "1": 0.9440516233444214,
            "2": 0.569078266620636,
            "3": 0.47978639602661133
        },
        "1": {
            "0": 0.9440588355064392,
            "1": 0.9630332589149475,
            "2": 0.4807449281215668,
            "3": 0.5694242715835571
        },
        "2": {
            "0": 0.9631043672561646,
            "1": 0.9492667317390442,
            "2": 0.9282050728797913,
            "3": 0.550367534160614
        },
        "3": {
            "0": 0.9512895941734314,
            "1": 0.9637271761894226,
            "2": 0.5561454892158508,
            "3": 0.9280849099159241
        }
    }
}