{
    "confidence_score": 0.8910549283027649,
    "ptm": 0.9175494909286499,
    "iptm": 0.910714328289032,
    "ligand_iptm": 0.9424262046813965,
    "protein_iptm": 0.9041017889976501,
    "complex_plddt": 0.8861401081085205,
    "complex_iplddt": 0.8617774248123169,
    "complex_pde": 0.45560067892074585,
    "complex_ipde": 0.8889033198356628,
    "chains_ptm": {
        "0": 0.9326072335243225,
        "1": 0.9325243234634399,
        "2": 0.9148072600364685,
        "3": 0.9160012602806091
    },
    "pair_chains_iptm": {
        "0": {
            "0": 0.9326072335243225,
            "1": 0.9039077758789062,
            "2": 0.5044435262680054,
            "3": 0.4067937135696411
        },
        "1": {
            "0": 0.9041017889976501,
            "1": 0.9325243234634399,
            "2": 0.4129229485988617,
            "3": 0.49819648265838623
        },
        "2": {
            "0": 0.950108528137207,
            "1": 0.9337835907936096,
            "2": 0.9148072600364685,
            "3": 0.46911659836769104
        },
        "3": {
            "0": 0.936341404914856,
            "1": 0.9522556662559509,
            "2": 0.4748477041721344,
            "3": 0.9160012602806091
        }
    }
}