{
    "confidence_score": 0.900589644908905,
    "ptm": 0.9331048130989075,
    "iptm": 0.9261344075202942,
    "ligand_iptm": 0.9379388093948364,
    "protein_iptm": 0.9238631725311279,
    "complex_plddt": 0.8942034244537354,
    "complex_iplddt": 0.8830278515815735,
    "complex_pde": 0.4271570146083832,
    "complex_ipde": 0.8505606651306152,
    "chains_ptm": {
        "0": 0.9470399618148804,
        "1": 0.9467199444770813,
        "2": 0.9289062023162842,
        "3": 0.9298670887947083
    },
    "pair_chains_iptm": {
        "0": {
            "0": 0.9470399618148804,
            "1": 0.9238631725311279,
            "2": 0.5287904143333435,
            "3": 0.4460238516330719
        },
        "1": {
            "0": 0.9238314032554626,
            "1": 0.9467199444770813,
            "2": 0.4464493691921234,
            "3": 0.5235854983329773
        },
        "2": {
            "0": 0.9472967386245728,
            "1": 0.9317691326141357,
            "2": 0.9289062023162842,
            "3": 0.5424778461456299
        },
        "3": {
            "0": 0.9345648288726807,
            "1": 0.9473457336425781,
            "2": 0.5451516509056091,
            "3": 0.9298670887947083
        }
    }
}