{
    "confidence_score": 0.8895201683044434,
    "ptm": 0.9340323805809021,
    "iptm": 0.9286211133003235,
    "ligand_iptm": 0.9455410838127136,
    "protein_iptm": 0.9256373643875122,
    "complex_plddt": 0.8797449469566345,
    "complex_iplddt": 0.8474347591400146,
    "complex_pde": 0.4112458825111389,
    "complex_ipde": 0.8081119656562805,
    "chains_ptm": {
        "0": 0.9471619129180908,
        "1": 0.9466218948364258,
        "2": 0.915040910243988,
        "3": 0.9163743257522583
    },
    "pair_chains_iptm": {
        "0": {
            "0": 0.9471619129180908,
            "1": 0.9246496558189392,
            "2": 0.5156283378601074,
            "3": 0.41979700326919556
        },
        "1": {
            "0": 0.9256373643875122,
            "1": 0.9466218948364258,
            "2": 0.4282797574996948,
            "3": 0.5066978335380554
        },
        "2": {
            "0": 0.9534148573875427,
            "1": 0.93910151720047,
            "2": 0.915040910243988,
            "3": 0.47455382347106934
        },
        "3": {
            "0": 0.9404884576797485,
            "1": 0.9543968439102173,
            "2": 0.47717249393463135,
            "3": 0.9163743257522583
        }
    }
}