{
    "confidence_score": 0.8833063244819641,
    "ptm": 0.9345130324363708,
    "iptm": 0.9280275106430054,
    "ligand_iptm": 0.9439663887023926,
    "protein_iptm": 0.925146758556366,
    "complex_plddt": 0.872126042842865,
    "complex_iplddt": 0.8241217136383057,
    "complex_pde": 0.4218466877937317,
    "complex_ipde": 0.8196283578872681,
    "chains_ptm": {
        "0": 0.9494923949241638,
        "1": 0.949169397354126,
        "2": 0.9072417616844177,
        "3": 0.9079294800758362
    },
    "pair_chains_iptm": {
        "0": {
            "0": 0.9494923949241638,
            "1": 0.925146758556366,
            "2": 0.5076531171798706,
            "3": 0.3963862359523773
        },
        "1": {
            "0": 0.924602746963501,
            "1": 0.949169397354126,
            "2": 0.40536826848983765,
            "3": 0.4995158612728119
        },
        "2": {
            "0": 0.9527668952941895,
            "1": 0.9375436902046204,
            "2": 0.9072417616844177,
            "3": 0.44916704297065735
        },
        "3": {
            "0": 0.9378738403320312,
            "1": 0.9530092477798462,
            "2": 0.4529978632926941,
            "3": 0.9079294800758362
        }
    }
}