{
    "confidence_score": 0.8866696357727051,
    "ptm": 0.938187837600708,
    "iptm": 0.9334518313407898,
    "ligand_iptm": 0.9494221806526184,
    "protein_iptm": 0.9303524494171143,
    "complex_plddt": 0.8749740719795227,
    "complex_iplddt": 0.8331443667411804,
    "complex_pde": 0.3998669385910034,
    "complex_ipde": 0.7753577828407288,
    "chains_ptm": {
        "0": 0.9489790797233582,
        "1": 0.9489223957061768,
        "2": 0.9116179943084717,
        "3": 0.9126432538032532
    },
    "pair_chains_iptm": {
        "0": {
            "0": 0.9489790797233582,
            "1": 0.9302403330802917,
            "2": 0.5244419574737549,
            "3": 0.41094136238098145
        },
        "1": {
            "0": 0.9303524494171143,
            "1": 0.9489223957061768,
            "2": 0.4241079092025757,
            "3": 0.5152562260627747
        },
        "2": {
            "0": 0.9582517743110657,
            "1": 0.945360004901886,
            "2": 0.9116179943084717,
            "3": 0.45643380284309387
        },
        "3": {
            "0": 0.9448025822639465,
            "1": 0.9570649266242981,
            "2": 0.47059398889541626,
            "3": 0.9126432538032532
        }
    }
}