{
    "confidence_score": 0.8910282254219055,
    "ptm": 0.9343794584274292,
    "iptm": 0.9314525127410889,
    "ligand_iptm": 0.9605724811553955,
    "protein_iptm": 0.9249564409255981,
    "complex_plddt": 0.8809221982955933,
    "complex_iplddt": 0.8473341464996338,
    "complex_pde": 0.3878048062324524,
    "complex_ipde": 0.6905163526535034,
    "chains_ptm": {
        "0": 0.9419827461242676,
        "1": 0.9438645839691162,
        "2": 0.9432965517044067,
        "3": 0.9335444569587708
    },
    "pair_chains_iptm": {
        "0": {
            "0": 0.9419827461242676,
            "1": 0.9227449893951416,
            "2": 0.6366475224494934,
            "3": 0.5218775272369385
        },
        "1": {
            "0": 0.9249564409255981,
            "1": 0.9438645839691162,
            "2": 0.530456006526947,
            "3": 0.6215988397598267
        },
        "2": {
            "0": 0.9663037061691284,
            "1": 0.9532243609428406,
            "2": 0.9432965517044067,
            "3": 0.5875982642173767
        },
        "3": {
            "0": 0.9567517042160034,
            "1": 0.9684770107269287,
            "2": 0.6054303050041199,
            "3": 0.9335444569587708
        }
    }
}