{
    "confidence_score": 0.8861379027366638,
    "ptm": 0.9366235136985779,
    "iptm": 0.9328945279121399,
    "ligand_iptm": 0.9576181173324585,
    "protein_iptm": 0.9276379942893982,
    "complex_plddt": 0.8744487166404724,
    "complex_iplddt": 0.8406302332878113,
    "complex_pde": 0.39005669951438904,
    "complex_ipde": 0.6981322169303894,
    "chains_ptm": {
        "0": 0.9468374848365784,
        "1": 0.9458350539207458,
        "2": 0.9416561126708984,
        "3": 0.932120680809021
    },
    "pair_chains_iptm": {
        "0": {
            "0": 0.9468374848365784,
            "1": 0.9276379942893982,
            "2": 0.6251426339149475,
            "3": 0.5040164589881897
        },
        "1": {
            "0": 0.9266728162765503,
            "1": 0.9458350539207458,
            "2": 0.5185268521308899,
            "3": 0.603632390499115
        },
        "2": {
            "0": 0.9644915461540222,
            "1": 0.9527865052223206,
            "2": 0.9416561126708984,
            "3": 0.5714004635810852
        },
        "3": {
            "0": 0.9514597058296204,
            "1": 0.9636614918708801,
            "2": 0.5918067097663879,
            "3": 0.932120680809021
        }
    }
}