{
    "confidence_score": 0.8938437700271606,
    "ptm": 0.9221274256706238,
    "iptm": 0.9167459607124329,
    "ligand_iptm": 0.9516025185585022,
    "protein_iptm": 0.9092874526977539,
    "complex_plddt": 0.8881182074546814,
    "complex_iplddt": 0.8714331984519958,
    "complex_pde": 0.4260273575782776,
    "complex_ipde": 0.7883531451225281,
    "chains_ptm": {
        "0": 0.9344086050987244,
        "1": 0.9347875714302063,
        "2": 0.9378841519355774,
        "3": 0.9280510544776917
    },
    "pair_chains_iptm": {
        "0": {
            "0": 0.9344086050987244,
            "1": 0.9083903431892395,
            "2": 0.6012545824050903,
            "3": 0.4834824800491333
        },
        "1": {
            "0": 0.9092874526977539,
            "1": 0.9347875714302063,
            "2": 0.4925996959209442,
            "3": 0.5850039124488831
        },
        "2": {
            "0": 0.9586980938911438,
            "1": 0.9439874887466431,
            "2": 0.9378841519355774,
            "3": 0.5482603907585144
        },
        "3": {
            "0": 0.9449233412742615,
            "1": 0.959217369556427,
            "2": 0.5641012191772461,
            "3": 0.9280510544776917
        }
    }
}