{
    "confidence_score": 0.8942023515701294,
    "ptm": 0.9341442584991455,
    "iptm": 0.9294331669807434,
    "ligand_iptm": 0.9538061022758484,
    "protein_iptm": 0.9244597554206848,
    "complex_plddt": 0.8853946328163147,
    "complex_iplddt": 0.8696237802505493,
    "complex_pde": 0.40011706948280334,
    "complex_ipde": 0.7441576719284058,
    "chains_ptm": {
        "0": 0.9471689462661743,
        "1": 0.9461554288864136,
        "2": 0.9410402178764343,
        "3": 0.9315962195396423
    },
    "pair_chains_iptm": {
        "0": {
            "0": 0.9471689462661743,
            "1": 0.9244597554206848,
            "2": 0.621711015701294,
            "3": 0.5011377334594727
        },
        "1": {
            "0": 0.9238146543502808,
            "1": 0.9461554288864136,
            "2": 0.5092928409576416,
            "3": 0.6055386662483215
        },
        "2": {
            "0": 0.9611063003540039,
            "1": 0.9466269612312317,
            "2": 0.9410402178764343,
            "3": 0.5583356618881226
        },
        "3": {
            "0": 0.9487725496292114,
            "1": 0.962929904460907,
            "2": 0.5739672780036926,
            "3": 0.9315962195396423
        }
    }
}