{
    "confidence_score": 0.9025933146476746,
    "ptm": 0.9292817711830139,
    "iptm": 0.9243124723434448,
    "ligand_iptm": 0.959311842918396,
    "protein_iptm": 0.9169424176216125,
    "complex_plddt": 0.8971635103225708,
    "complex_iplddt": 0.8950617909431458,
    "complex_pde": 0.40259110927581787,
    "complex_ipde": 0.7184846997261047,
    "chains_ptm": {
        "0": 0.9414035081863403,
        "1": 0.9408806562423706,
        "2": 0.9419453144073486,
        "3": 0.932894766330719
    },
    "pair_chains_iptm": {
        "0": {
            "0": 0.9414035081863403,
            "1": 0.9169424176216125,
            "2": 0.6371802687644958,
            "3": 0.5202221274375916
        },
        "1": {
            "0": 0.9167732000350952,
            "1": 0.9408806562423706,
            "2": 0.5274761915206909,
            "3": 0.6226743459701538
        },
        "2": {
            "0": 0.9660300612449646,
            "1": 0.9513044357299805,
            "2": 0.9419453144073486,
            "3": 0.5885875225067139
        },
        "3": {
            "0": 0.9541897773742676,
            "1": 0.9680353999137878,
            "2": 0.6042842864990234,
            "3": 0.932894766330719
        }
    }
}