{
    "confidence_score": 0.8077083826065063,
    "ptm": 0.8748131990432739,
    "iptm": 0.8598291277885437,
    "ligand_iptm": 0.0,
    "protein_iptm": 0.8598291277885437,
    "complex_plddt": 0.7946782112121582,
    "complex_iplddt": 0.79899662733078,
    "complex_pde": 0.5036333799362183,
    "complex_ipde": 1.4246770143508911,
    "chains_ptm": {
        "0": 0.9046151041984558,
        "1": 0.9034279584884644
    },
    "pair_chains_iptm": {
        "0": {
            "0": 0.9046151041984558,
            "1": 0.8598291277885437
        },
        "1": {
            "0": 0.8584098219871521,
            "1": 0.9034279584884644
        }
    }
}