{
    "confidence_score": 0.8798497319221497,
    "ptm": 0.9420992732048035,
    "iptm": 0.9394397139549255,
    "ligand_iptm": 0.9749130606651306,
    "protein_iptm": 0.9320188760757446,
    "complex_plddt": 0.8649522066116333,
    "complex_iplddt": 0.8746063113212585,
    "complex_pde": 0.37754026055336,
    "complex_ipde": 0.6005300283432007,
    "chains_ptm": {
        "0": 0.9530803561210632,
        "1": 0.9534620642662048,
        "2": 0.9359377026557922,
        "3": 0.937518835067749
    },
    "pair_chains_iptm": {
        "0": {
            "0": 0.9530803561210632,
            "1": 0.9320188760757446,
            "2": 0.5885323882102966,
            "3": 0.5235793590545654
        },
        "1": {
            "0": 0.9317291378974915,
            "1": 0.9534620642662048,
            "2": 0.5178231000900269,
            "3": 0.5952760577201843
        },
        "2": {
            "0": 0.9784489870071411,
            "1": 0.972070038318634,
            "2": 0.9359377026557922,
            "3": 0.5737119317054749
        },
        "3": {
            "0": 0.9728628396987915,
            "1": 0.979320228099823,
            "2": 0.5678192377090454,
            "3": 0.937518835067749
        }
    }
}