{
    "confidence_score": 0.8281049728393555,
    "ptm": 0.8563311696052551,
    "iptm": 0.8413548469543457,
    "ligand_iptm": 0.0,
    "protein_iptm": 0.8413548469543457,
    "complex_plddt": 0.8247925043106079,
    "complex_iplddt": 0.8364673852920532,
    "complex_pde": 0.5596466064453125,
    "complex_ipde": 1.6983791589736938,
    "chains_ptm": {
        "0": 0.8835572600364685,
        "1": 0.8835930824279785
    },
    "pair_chains_iptm": {
        "0": {
            "0": 0.8835572600364685,
            "1": 0.8413548469543457
        },
        "1": {
            "0": 0.8407827019691467,
            "1": 0.8835930824279785
        }
    }
}