{
    "confidence_score": 0.8962408304214478,
    "ptm": 0.9467780590057373,
    "iptm": 0.9436252117156982,
    "ligand_iptm": 0.958605945110321,
    "protein_iptm": 0.9414142966270447,
    "complex_plddt": 0.8843947649002075,
    "complex_iplddt": 0.8998960852622986,
    "complex_pde": 0.3917272984981537,
    "complex_ipde": 0.6649177670478821,
    "chains_ptm": {
        "0": 0.9564812183380127,
        "1": 0.9577580094337463,
        "2": 0.9350791573524475,
        "3": 0.9352769255638123
    },
    "pair_chains_iptm": {
        "0": {
            "0": 0.9564812183380127,
            "1": 0.9400075078010559,
            "2": 0.5554817914962769,
            "3": 0.4980708956718445
        },
        "1": {
            "0": 0.9414142966270447,
            "1": 0.9577580094337463,
            "2": 0.4855073392391205,
            "3": 0.5682417154312134
        },
        "2": {
            "0": 0.9615013599395752,
            "1": 0.9539749622344971,
            "2": 0.9350791573524475,
            "3": 0.5752837657928467
        },
        "3": {
            "0": 0.9559230208396912,
            "1": 0.9632366299629211,
            "2": 0.5617352724075317,
            "3": 0.9352769255638123
        }
    }
}