{
    "confidence_score": 0.8858291506767273,
    "ptm": 0.9296396970748901,
    "iptm": 0.9268823862075806,
    "ligand_iptm": 0.9661121368408203,
    "protein_iptm": 0.9186667203903198,
    "complex_plddt": 0.8755658268928528,
    "complex_iplddt": 0.8829122185707092,
    "complex_pde": 0.41201165318489075,
    "complex_ipde": 0.6788060665130615,
    "chains_ptm": {
        "0": 0.9387615919113159,
        "1": 0.9384846091270447,
        "2": 0.9347066283226013,
        "3": 0.936587929725647
    },
    "pair_chains_iptm": {
        "0": {
            "0": 0.9387615919113159,
            "1": 0.9186667203903198,
            "2": 0.5615503787994385,
            "3": 0.48816314339637756
        },
        "1": {
            "0": 0.9181925058364868,
            "1": 0.9384846091270447,
            "2": 0.4886021912097931,
            "3": 0.5631853342056274
        },
        "2": {
            "0": 0.9708271026611328,
            "1": 0.9613327383995056,
            "2": 0.9347066283226013,
            "3": 0.5332985520362854
        },
        "3": {
            "0": 0.9616454243659973,
            "1": 0.9715601205825806,
            "2": 0.533346951007843,
            "3": 0.936587929725647
        }
    }
}