{
    "confidence_score": 0.9001042246818542,
    "ptm": 0.9472333788871765,
    "iptm": 0.9430446028709412,
    "ligand_iptm": 0.9611167311668396,
    "protein_iptm": 0.9404109120368958,
    "complex_plddt": 0.8893691301345825,
    "complex_iplddt": 0.9014690518379211,
    "complex_pde": 0.3923853635787964,
    "complex_ipde": 0.6525213718414307,
    "chains_ptm": {
        "0": 0.9555724263191223,
        "1": 0.9568896293640137,
        "2": 0.9324815273284912,
        "3": 0.9343879222869873
    },
    "pair_chains_iptm": {
        "0": {
            "0": 0.9555724263191223,
            "1": 0.9394853115081787,
            "2": 0.5655360817909241,
            "3": 0.5068994760513306
        },
        "1": {
            "0": 0.9404109120368958,
            "1": 0.9568896293640137,
            "2": 0.49833011627197266,
            "3": 0.5738063454627991
        },
        "2": {
            "0": 0.962526798248291,
            "1": 0.9567770957946777,
            "2": 0.9324815273284912,
            "3": 0.5994100570678711
        },
        "3": {
            "0": 0.9586374759674072,
            "1": 0.965455949306488,
            "2": 0.5923073887825012,
            "3": 0.9343879222869873
        }
    }
}