{
    "confidence_score": 0.8417369723320007,
    "ptm": 0.8854140639305115,
    "iptm": 0.8746752738952637,
    "ligand_iptm": 0.0,
    "protein_iptm": 0.8746752738952637,
    "complex_plddt": 0.8335024118423462,
    "complex_iplddt": 0.8569368124008179,
    "complex_pde": 0.48933178186416626,
    "complex_ipde": 1.3842824697494507,
    "chains_ptm": {
        "0": 0.9101026654243469,
        "1": 0.9083906412124634
    },
    "pair_chains_iptm": {
        "0": {
            "0": 0.9101026654243469,
            "1": 0.8746752738952637
        },
        "1": {
            "0": 0.8720987439155579,
            "1": 0.9083906412124634
        }
    }
}