{
    "confidence_score": 0.9009270071983337,
    "ptm": 0.9373759031295776,
    "iptm": 0.9344565868377686,
    "ligand_iptm": 0.965416431427002,
    "protein_iptm": 0.928148627281189,
    "complex_plddt": 0.8925445675849915,
    "complex_iplddt": 0.9120718836784363,
    "complex_pde": 0.3895203173160553,
    "complex_ipde": 0.6264851689338684,
    "chains_ptm": {
        "0": 0.9448498487472534,
        "1": 0.945166289806366,
        "2": 0.9322177171707153,
        "3": 0.9350292682647705
    },
    "pair_chains_iptm": {
        "0": {
            "0": 0.9448498487472534,
            "1": 0.928148627281189,
            "2": 0.5592085123062134,
            "3": 0.5031774640083313
        },
        "1": {
            "0": 0.9281347990036011,
            "1": 0.945166289806366,
            "2": 0.49743297696113586,
            "3": 0.5658711194992065
        },
        "2": {
            "0": 0.9683433771133423,
            "1": 0.9618302583694458,
            "2": 0.9322177171707153,
            "3": 0.5962449908256531
        },
        "3": {
            "0": 0.9635229110717773,
            "1": 0.969571590423584,
            "2": 0.5930450558662415,
            "3": 0.9350292682647705
        }
    }
}