{
    "confidence_score": 0.8068658709526062,
    "ptm": 0.8563321828842163,
    "iptm": 0.8402000069618225,
    "ligand_iptm": 0.0,
    "protein_iptm": 0.8402000069618225,
    "complex_plddt": 0.7985323071479797,
    "complex_iplddt": 0.8076950907707214,
    "complex_pde": 0.5563249588012695,
    "complex_ipde": 1.6804155111312866,
    "chains_ptm": {
        "0": 0.8861442804336548,
        "1": 0.8867658376693726
    },
    "pair_chains_iptm": {
        "0": {
            "0": 0.8861442804336548,
            "1": 0.838973343372345
        },
        "1": {
            "0": 0.8402000069618225,
            "1": 0.8867658376693726
        }
    }
}