{
    "confidence_score": 0.8769303560256958,
    "ptm": 0.9154268503189087,
    "iptm": 0.9104615449905396,
    "ligand_iptm": 0.939507007598877,
    "protein_iptm": 0.9044626355171204,
    "complex_plddt": 0.8685474991798401,
    "complex_iplddt": 0.8756038546562195,
    "complex_pde": 0.47751933336257935,
    "complex_ipde": 0.8719288110733032,
    "chains_ptm": {
        "0": 0.9271191358566284,
        "1": 0.9265323877334595,
        "2": 0.9288215041160583,
        "3": 0.9288274049758911
    },
    "pair_chains_iptm": {
        "0": {
            "0": 0.9271191358566284,
            "1": 0.9044626355171204,
            "2": 0.4958045184612274,
            "3": 0.4243185818195343
        },
        "1": {
            "0": 0.904099702835083,
            "1": 0.9265323877334595,
            "2": 0.43282854557037354,
            "3": 0.4906732439994812
        },
        "2": {
            "0": 0.9475076198577881,
            "1": 0.9393401145935059,
            "2": 0.9288215041160583,
            "3": 0.5205211043357849
        },
        "3": {
            "0": 0.9353296756744385,
            "1": 0.9430201053619385,
            "2": 0.5307043790817261,
            "3": 0.9288274049758911
        }
    }
}