{
    "confidence_score": 0.8658440709114075,
    "ptm": 0.9200774431228638,
    "iptm": 0.9157153367996216,
    "ligand_iptm": 0.9582319259643555,
    "protein_iptm": 0.906830906867981,
    "complex_plddt": 0.8533762097358704,
    "complex_iplddt": 0.8586364984512329,
    "complex_pde": 0.43900808691978455,
    "complex_ipde": 0.7276293635368347,
    "chains_ptm": {
        "0": 0.9288942813873291,
        "1": 0.9281954169273376,
        "2": 0.9300229549407959,
        "3": 0.9309297204017639
    },
    "pair_chains_iptm": {
        "0": {
            "0": 0.9288942813873291,
            "1": 0.906830906867981,
            "2": 0.5331413149833679,
            "3": 0.4463176131248474
        },
        "1": {
            "0": 0.9065479040145874,
            "1": 0.9281954169273376,
            "2": 0.4461318850517273,
            "3": 0.5344053506851196
        },
        "2": {
            "0": 0.9636502265930176,
            "1": 0.9531588554382324,
            "2": 0.9300229549407959,
            "3": 0.592309832572937
        },
        "3": {
            "0": 0.9531056880950928,
            "1": 0.9642552733421326,
            "2": 0.5948663949966431,
            "3": 0.9309297204017639
        }
    }
}