{
    "confidence_score": 0.8906101584434509,
    "ptm": 0.9337337613105774,
    "iptm": 0.9291427731513977,
    "ligand_iptm": 0.9516852498054504,
    "protein_iptm": 0.9250180721282959,
    "complex_plddt": 0.8809769749641418,
    "complex_iplddt": 0.8907842040061951,
    "complex_pde": 0.4242086112499237,
    "complex_ipde": 0.7474585175514221,
    "chains_ptm": {
        "0": 0.9447411298751831,
        "1": 0.944288432598114,
        "2": 0.9327511191368103,
        "3": 0.9347740411758423
    },
    "pair_chains_iptm": {
        "0": {
            "0": 0.9447411298751831,
            "1": 0.9250180721282959,
            "2": 0.5357353091239929,
            "3": 0.47424280643463135
        },
        "1": {
            "0": 0.9249763488769531,
            "1": 0.944288432598114,
            "2": 0.4684286117553711,
            "3": 0.5420064330101013
        },
        "2": {
            "0": 0.9545788168907166,
            "1": 0.9473637938499451,
            "2": 0.9327511191368103,
            "3": 0.5616036057472229
        },
        "3": {
            "0": 0.9481800198554993,
            "1": 0.9560061693191528,
            "2": 0.5589580535888672,
            "3": 0.9347740411758423
        }
    }
}