{
    "confidence_score": 0.8797045946121216,
    "ptm": 0.9227064847946167,
    "iptm": 0.920307457447052,
    "ligand_iptm": 0.9652231335639954,
    "protein_iptm": 0.9110071659088135,
    "complex_plddt": 0.8695538640022278,
    "complex_iplddt": 0.873357355594635,
    "complex_pde": 0.42348283529281616,
    "complex_ipde": 0.7143375873565674,
    "chains_ptm": {
        "0": 0.9351192116737366,
        "1": 0.9333498477935791,
        "2": 0.9342529773712158,
        "3": 0.9361879825592041
    },
    "pair_chains_iptm": {
        "0": {
            "0": 0.9351192116737366,
            "1": 0.9110071659088135,
            "2": 0.5665664672851562,
            "3": 0.4860226809978485
        },
        "1": {
            "0": 0.9091132283210754,
            "1": 0.9333498477935791,
            "2": 0.489116370677948,
            "3": 0.5620036721229553
        },
        "2": {
            "0": 0.970392644405365,
            "1": 0.9616738557815552,
            "2": 0.9342529773712158,
            "3": 0.5298673510551453
        },
        "3": {
            "0": 0.9621899127960205,
            "1": 0.9712545275688171,
            "2": 0.5362493991851807,
            "3": 0.9361879825592041
        }
    }
}