{
    "confidence_score": 0.8279051780700684,
    "ptm": 0.8630691170692444,
    "iptm": 0.8473286628723145,
    "ligand_iptm": 0.0,
    "protein_iptm": 0.8473286628723145,
    "complex_plddt": 0.8230493068695068,
    "complex_iplddt": 0.8302043676376343,
    "complex_pde": 0.5796261429786682,
    "complex_ipde": 1.792994499206543,
    "chains_ptm": {
        "0": 0.8902192711830139,
        "1": 0.8879345059394836
    },
    "pair_chains_iptm": {
        "0": {
            "0": 0.8902192711830139,
            "1": 0.8473286628723145
        },
        "1": {
            "0": 0.8451601266860962,
            "1": 0.8879345059394836
        }
    }
}