{
    "confidence_score": 0.8332064747810364,
    "ptm": 0.8635367155075073,
    "iptm": 0.8490527868270874,
    "ligand_iptm": 0.0,
    "protein_iptm": 0.8490527868270874,
    "complex_plddt": 0.8292449116706848,
    "complex_iplddt": 0.8409087061882019,
    "complex_pde": 0.5590928792953491,
    "complex_ipde": 1.7289462089538574,
    "chains_ptm": {
        "0": 0.8910210132598877,
        "1": 0.8929950594902039
    },
    "pair_chains_iptm": {
        "0": {
            "0": 0.8910210132598877,
            "1": 0.8469662666320801
        },
        "1": {
            "0": 0.8490527868270874,
            "1": 0.8929950594902039
        }
    }
}