{
    "confidence_score": 0.8482999205589294,
    "ptm": 0.933158814907074,
    "iptm": 0.927717387676239,
    "ligand_iptm": 0.9665469527244568,
    "protein_iptm": 0.919681191444397,
    "complex_plddt": 0.8284454941749573,
    "complex_iplddt": 0.8203155398368835,
    "complex_pde": 0.4011217951774597,
    "complex_ipde": 0.6260440349578857,
    "chains_ptm": {
        "0": 0.9440262317657471,
        "1": 0.943953812122345,
        "2": 0.9305606484413147,
        "3": 0.9315466284751892
    },
    "pair_chains_iptm": {
        "0": {
            "0": 0.9440262317657471,
            "1": 0.9194103479385376,
            "2": 0.5482533574104309,
            "3": 0.4984443485736847
        },
        "1": {
            "0": 0.919681191444397,
            "1": 0.943953812122345,
            "2": 0.4955248236656189,
            "3": 0.5537675619125366
        },
        "2": {
            "0": 0.9710803031921387,
            "1": 0.961292028427124,
            "2": 0.9305606484413147,
            "3": 0.5529195666313171
        },
        "3": {
            "0": 0.9628060460090637,
            "1": 0.9721373915672302,
            "2": 0.5500273704528809,
            "3": 0.9315466284751892
        }
    }
}