{
    "confidence_score": 0.8675905466079712,
    "ptm": 0.9037724137306213,
    "iptm": 0.9003409743309021,
    "ligand_iptm": 0.9486137628555298,
    "protein_iptm": 0.8902314901351929,
    "complex_plddt": 0.8594028949737549,
    "complex_iplddt": 0.8604300618171692,
    "complex_pde": 0.4895782470703125,
    "complex_ipde": 0.8745751976966858,
    "chains_ptm": {
        "0": 0.9115046262741089,
        "1": 0.9119112491607666,
        "2": 0.9311238527297974,
        "3": 0.932345986366272
    },
    "pair_chains_iptm": {
        "0": {
            "0": 0.9115046262741089,
            "1": 0.8902314901351929,
            "2": 0.513274610042572,
            "3": 0.446719229221344
        },
        "1": {
            "0": 0.8897653222084045,
            "1": 0.9119112491607666,
            "2": 0.4427872896194458,
            "3": 0.522243857383728
        },
        "2": {
            "0": 0.954255998134613,
            "1": 0.9449807405471802,
            "2": 0.9311238527297974,
            "3": 0.5704695582389832
        },
        "3": {
            "0": 0.9464026689529419,
            "1": 0.9549561738967896,
            "2": 0.5686232447624207,
            "3": 0.932345986366272
        }
    }
}