{
    "confidence_score": 0.8475093245506287,
    "ptm": 0.8763052225112915,
    "iptm": 0.8615833520889282,
    "ligand_iptm": 0.0,
    "protein_iptm": 0.8615833520889282,
    "complex_plddt": 0.8439908027648926,
    "complex_iplddt": 0.8591804504394531,
    "complex_pde": 0.5323363542556763,
    "complex_ipde": 1.5483078956604004,
    "chains_ptm": {
        "0": 0.9057822823524475,
        "1": 0.9056002497673035
    },
    "pair_chains_iptm": {
        "0": {
            "0": 0.9057822823524475,
            "1": 0.8606093525886536
        },
        "1": {
            "0": 0.8615833520889282,
            "1": 0.9056002497673035
        }
    }
}