{
    "confidence_score": 0.8252521753311157,
    "ptm": 0.8659273386001587,
    "iptm": 0.8501489758491516,
    "ligand_iptm": 0.0,
    "protein_iptm": 0.8501489758491516,
    "complex_plddt": 0.8190279006958008,
    "complex_iplddt": 0.8360336422920227,
    "complex_pde": 0.5642643570899963,
    "complex_ipde": 1.7081265449523926,
    "chains_ptm": {
        "0": 0.8914951086044312,
        "1": 0.8918954730033875
    },
    "pair_chains_iptm": {
        "0": {
            "0": 0.8914951086044312,
            "1": 0.8501489758491516
        },
        "1": {
            "0": 0.8494900465011597,
            "1": 0.8918954730033875
        }
    }
}