{
    "confidence_score": 0.8258792161941528,
    "ptm": 0.8838294744491577,
    "iptm": 0.8700892925262451,
    "ligand_iptm": 0.0,
    "protein_iptm": 0.8700892925262451,
    "complex_plddt": 0.8148266673088074,
    "complex_iplddt": 0.8283675312995911,
    "complex_pde": 0.5105521082878113,
    "complex_ipde": 1.4350192546844482,
    "chains_ptm": {
        "0": 0.9063661694526672,
        "1": 0.9052345156669617
    },
    "pair_chains_iptm": {
        "0": {
            "0": 0.9063661694526672,
            "1": 0.8700892925262451
        },
        "1": {
            "0": 0.8697333931922913,
            "1": 0.9052345156669617
        }
    }
}