{
    "confidence_score": 0.8982753753662109,
    "ptm": 0.9445152878761292,
    "iptm": 0.9412872791290283,
    "ligand_iptm": 0.9598904848098755,
    "protein_iptm": 0.9383096694946289,
    "complex_plddt": 0.8875223994255066,
    "complex_iplddt": 0.8942850232124329,
    "complex_pde": 0.377856582403183,
    "complex_ipde": 0.6421951055526733,
    "chains_ptm": {
        "0": 0.9536029696464539,
        "1": 0.9550358057022095,
        "2": 0.9270950555801392,
        "3": 0.9297959804534912
    },
    "pair_chains_iptm": {
        "0": {
            "0": 0.9536029696464539,
            "1": 0.9371405839920044,
            "2": 0.5567848682403564,
            "3": 0.49085456132888794
        },
        "1": {
            "0": 0.9383096694946289,
            "1": 0.9550358057022095,
            "2": 0.48758628964424133,
            "3": 0.5616560578346252
        },
        "2": {
            "0": 0.9645255208015442,
            "1": 0.9565689563751221,
            "2": 0.9270950555801392,
            "3": 0.562828540802002
        },
        "3": {
            "0": 0.9555151462554932,
            "1": 0.9633569121360779,
            "2": 0.5587711930274963,
            "3": 0.9297959804534912
        }
    }
}