{
    "confidence_score": 0.8930282592773438,
    "ptm": 0.9253273606300354,
    "iptm": 0.9197006821632385,
    "ligand_iptm": 0.9423187971115112,
    "protein_iptm": 0.9151144623756409,
    "complex_plddt": 0.8863601088523865,
    "complex_iplddt": 0.8568600416183472,
    "complex_pde": 0.42563357949256897,
    "complex_ipde": 0.8198772668838501,
    "chains_ptm": {
        "0": 0.9384582042694092,
        "1": 0.9398737549781799,
        "2": 0.9268224239349365,
        "3": 0.931464433670044
    },
    "pair_chains_iptm": {
        "0": {
            "0": 0.9384582042694092,
            "1": 0.912315309047699,
            "2": 0.5706928968429565,
            "3": 0.4847238063812256
        },
        "1": {
            "0": 0.9151144623756409,
            "1": 0.9398737549781799,
            "2": 0.4611538052558899,
            "3": 0.5946836471557617
        },
        "2": {
            "0": 0.9494640827178955,
            "1": 0.9330946207046509,
            "2": 0.9268224239349365,
            "3": 0.5452089905738831
        },
        "3": {
            "0": 0.9365252256393433,
            "1": 0.9518529772758484,
            "2": 0.5518096685409546,
            "3": 0.931464433670044
        }
    }
}