{
    "confidence_score": 0.868987500667572,
    "ptm": 0.93500155210495,
    "iptm": 0.9289567470550537,
    "ligand_iptm": 0.9476553201675415,
    "protein_iptm": 0.9251782894134521,
    "complex_plddt": 0.853995144367218,
    "complex_iplddt": 0.7812536954879761,
    "complex_pde": 0.40214720368385315,
    "complex_ipde": 0.7702475190162659,
    "chains_ptm": {
        "0": 0.9479159712791443,
        "1": 0.9494510889053345,
        "2": 0.9246532320976257,
        "3": 0.9291698336601257
    },
    "pair_chains_iptm": {
        "0": {
            "0": 0.9479159712791443,
            "1": 0.9240179657936096,
            "2": 0.600228488445282,
            "3": 0.5187820196151733
        },
        "1": {
            "0": 0.9251782894134521,
            "1": 0.9494510889053345,
            "2": 0.5031505823135376,
            "3": 0.6169596314430237
        },
        "2": {
            "0": 0.9548790454864502,
            "1": 0.9410967230796814,
            "2": 0.9246532320976257,
            "3": 0.5648306608200073
        },
        "3": {
            "0": 0.9400740265846252,
            "1": 0.9548025131225586,
            "2": 0.5517947673797607,
            "3": 0.9291698336601257
        }
    }
}