{
    "confidence_score": 0.8980979919433594,
    "ptm": 0.9381488561630249,
    "iptm": 0.9346913695335388,
    "ligand_iptm": 0.9596810936927795,
    "protein_iptm": 0.9290971755981445,
    "complex_plddt": 0.8889496326446533,
    "complex_iplddt": 0.8669273257255554,
    "complex_pde": 0.3831477463245392,
    "complex_ipde": 0.6674123406410217,
    "chains_ptm": {
        "0": 0.9477376341819763,
        "1": 0.9490051865577698,
        "2": 0.9277296662330627,
        "3": 0.9325597286224365
    },
    "pair_chains_iptm": {
        "0": {
            "0": 0.9477376341819763,
            "1": 0.9281700253486633,
            "2": 0.6156487464904785,
            "3": 0.5338272452354431
        },
        "1": {
            "0": 0.9290971755981445,
            "1": 0.9490051865577698,
            "2": 0.5139788389205933,
            "3": 0.63346266746521
        },
        "2": {
            "0": 0.9656112790107727,
            "1": 0.9533308744430542,
            "2": 0.9277296662330627,
            "3": 0.5947869420051575
        },
        "3": {
            "0": 0.9537721276283264,
            "1": 0.9660310745239258,
            "2": 0.5839254856109619,
            "3": 0.9325597286224365
        }
    }
}