{
    "confidence_score": 0.9034361243247986,
    "ptm": 0.9316920042037964,
    "iptm": 0.9271741509437561,
    "ligand_iptm": 0.9494849443435669,
    "protein_iptm": 0.9221247434616089,
    "complex_plddt": 0.8975015878677368,
    "complex_iplddt": 0.8903889060020447,
    "complex_pde": 0.4077773988246918,
    "complex_ipde": 0.7506116628646851,
    "chains_ptm": {
        "0": 0.9426153302192688,
        "1": 0.942965567111969,
        "2": 0.9075068831443787,
        "3": 0.9132193922996521
    },
    "pair_chains_iptm": {
        "0": {
            "0": 0.9426153302192688,
            "1": 0.9213982224464417,
            "2": 0.6195204854011536,
            "3": 0.4618740379810333
        },
        "1": {
            "0": 0.9221247434616089,
            "1": 0.942965567111969,
            "2": 0.4689578711986542,
            "3": 0.6121580600738525
        },
        "2": {
            "0": 0.956748902797699,
            "1": 0.9429922103881836,
            "2": 0.9075068831443787,
            "3": 0.5368015170097351
        },
        "3": {
            "0": 0.9429531097412109,
            "1": 0.956285834312439,
            "2": 0.5538690686225891,
            "3": 0.9132193922996521
        }
    }
}