{
    "confidence_score": 0.8976907134056091,
    "ptm": 0.9276488423347473,
    "iptm": 0.922686755657196,
    "ligand_iptm": 0.943814754486084,
    "protein_iptm": 0.9179837703704834,
    "complex_plddt": 0.8914417028427124,
    "complex_iplddt": 0.8836297988891602,
    "complex_pde": 0.41719529032707214,
    "complex_ipde": 0.8106854557991028,
    "chains_ptm": {
        "0": 0.9406237602233887,
        "1": 0.9392533302307129,
        "2": 0.9052561521530151,
        "3": 0.9095442891120911
    },
    "pair_chains_iptm": {
        "0": {
            "0": 0.9406237602233887,
            "1": 0.9179837703704834,
            "2": 0.5856258869171143,
            "3": 0.45754188299179077
        },
        "1": {
            "0": 0.916629433631897,
            "1": 0.9392533302307129,
            "2": 0.45727720856666565,
            "3": 0.5847477912902832
        },
        "2": {
            "0": 0.9533795118331909,
            "1": 0.9363428354263306,
            "2": 0.9052561521530151,
            "3": 0.5204870104789734
        },
        "3": {
            "0": 0.9376974701881409,
            "1": 0.9543600678443909,
            "2": 0.5230055451393127,
            "3": 0.9095442891120911
        }
    }
}