{
    "confidence_score": 0.8439366221427917,
    "ptm": 0.9254805445671082,
    "iptm": 0.9204016923904419,
    "ligand_iptm": 0.9452023506164551,
    "protein_iptm": 0.9154395461082458,
    "complex_plddt": 0.824820339679718,
    "complex_iplddt": 0.8058551549911499,
    "complex_pde": 0.45817020535469055,
    "complex_ipde": 0.8365209698677063,
    "chains_ptm": {
        "0": 0.9356384873390198,
        "1": 0.9367690086364746,
        "2": 0.9294388890266418,
        "3": 0.9307469725608826
    },
    "pair_chains_iptm": {
        "0": {
            "0": 0.9356384873390198,
            "1": 0.914703905582428,
            "2": 0.5020946264266968,
            "3": 0.4493021070957184
        },
        "1": {
            "0": 0.9154395461082458,
            "1": 0.9367690086364746,
            "2": 0.4474053978919983,
            "3": 0.507064163684845
        },
        "2": {
            "0": 0.9502774477005005,
            "1": 0.9415215849876404,
            "2": 0.9294388890266418,
            "3": 0.5168648958206177
        },
        "3": {
            "0": 0.9423010349273682,
            "1": 0.9501582384109497,
            "2": 0.5217004418373108,
            "3": 0.9307469725608826
        }
    }
}