{
    "confidence_score": 0.8403816223144531,
    "ptm": 0.8690875172615051,
    "iptm": 0.8568868637084961,
    "ligand_iptm": 0.0,
    "protein_iptm": 0.8568868637084961,
    "complex_plddt": 0.8362553119659424,
    "complex_iplddt": 0.8543614745140076,
    "complex_pde": 0.5313165783882141,
    "complex_ipde": 1.5125905275344849,
    "chains_ptm": {
        "0": 0.8913723826408386,
        "1": 0.8888307809829712
    },
    "pair_chains_iptm": {
        "0": {
            "0": 0.8913723826408386,
            "1": 0.8568868637084961
        },
        "1": {
            "0": 0.8551045656204224,
            "1": 0.8888307809829712
        }
    }
}