{
    "confidence_score": 0.8778131604194641,
    "ptm": 0.9170102477073669,
    "iptm": 0.9118819236755371,
    "ligand_iptm": 0.9426495432853699,
    "protein_iptm": 0.9057213664054871,
    "complex_plddt": 0.8692960143089294,
    "complex_iplddt": 0.8793200850486755,
    "complex_pde": 0.4668288826942444,
    "complex_ipde": 0.8630898594856262,
    "chains_ptm": {
        "0": 0.929407000541687,
        "1": 0.9313002824783325,
        "2": 0.9291731119155884,
        "3": 0.9322424530982971
    },
    "pair_chains_iptm": {
        "0": {
            "0": 0.929407000541687,
            "1": 0.905204176902771,
            "2": 0.5026582479476929,
            "3": 0.4074797034263611
        },
        "1": {
            "0": 0.9057213664054871,
            "1": 0.9313002824783325,
            "2": 0.40915122628211975,
            "3": 0.5022987127304077
        },
        "2": {
            "0": 0.9495288133621216,
            "1": 0.9395617842674255,
            "2": 0.9291731119155884,
            "3": 0.5271751284599304
        },
        "3": {
            "0": 0.9383554458618164,
            "1": 0.9490168690681458,
            "2": 0.5436995625495911,
            "3": 0.9322424530982971
        }
    }
}