{
    "confidence_score": 0.8508341908454895,
    "ptm": 0.9220909476280212,
    "iptm": 0.9179920554161072,
    "ligand_iptm": 0.9547758102416992,
    "protein_iptm": 0.9102886319160461,
    "complex_plddt": 0.8340446949005127,
    "complex_iplddt": 0.826032280921936,
    "complex_pde": 0.45055529475212097,
    "complex_ipde": 0.7726773023605347,
    "chains_ptm": {
        "0": 0.9308379292488098,
        "1": 0.9301285743713379,
        "2": 0.9306474924087524,
        "3": 0.9305389523506165
    },
    "pair_chains_iptm": {
        "0": {
            "0": 0.9308379292488098,
            "1": 0.9102886319160461,
            "2": 0.5323158502578735,
            "3": 0.46316084265708923
        },
        "1": {
            "0": 0.9102283120155334,
            "1": 0.9301285743713379,
            "2": 0.4607049822807312,
            "3": 0.5347540974617004
        },
        "2": {
            "0": 0.9594067931175232,
            "1": 0.9500880241394043,
            "2": 0.9306474924087524,
            "3": 0.6421096324920654
        },
        "3": {
            "0": 0.9512681365013123,
            "1": 0.9606160521507263,
            "2": 0.637965202331543,
            "3": 0.9305389523506165
        }
    }
}