{
    "confidence_score": 0.8758412599563599,
    "ptm": 0.9191861152648926,
    "iptm": 0.9149832725524902,
    "ligand_iptm": 0.9584543108940125,
    "protein_iptm": 0.9060837030410767,
    "complex_plddt": 0.8660557270050049,
    "complex_iplddt": 0.8693859577178955,
    "complex_pde": 0.4463564455509186,
    "complex_ipde": 0.7928268909454346,
    "chains_ptm": {
        "0": 0.9292564392089844,
        "1": 0.9305301904678345,
        "2": 0.9347185492515564,
        "3": 0.9355827569961548
    },
    "pair_chains_iptm": {
        "0": {
            "0": 0.9292564392089844,
            "1": 0.9057372212409973,
            "2": 0.5328436493873596,
            "3": 0.4689636528491974
        },
        "1": {
            "0": 0.9060837030410767,
            "1": 0.9305301904678345,
            "2": 0.4651471674442291,
            "3": 0.5396597981452942
        },
        "2": {
            "0": 0.9625362753868103,
            "1": 0.952172577381134,
            "2": 0.9347185492515564,
            "3": 0.5147235989570618
        },
        "3": {
            "0": 0.9534070491790771,
            "1": 0.9647355079650879,
            "2": 0.5080576539039612,
            "3": 0.9355827569961548
        }
    }
}