{
    "confidence_score": 0.8366205096244812,
    "ptm": 0.884028971195221,
    "iptm": 0.8726320266723633,
    "ligand_iptm": 0.0,
    "protein_iptm": 0.8726320266723633,
    "complex_plddt": 0.8276176452636719,
    "complex_iplddt": 0.842096745967865,
    "complex_pde": 0.5087136030197144,
    "complex_ipde": 1.3581929206848145,
    "chains_ptm": {
        "0": 0.904776394367218,
        "1": 0.903781533241272
    },
    "pair_chains_iptm": {
        "0": {
            "0": 0.904776394367218,
            "1": 0.8726320266723633
        },
        "1": {
            "0": 0.8714625835418701,
            "1": 0.903781533241272
        }
    }
}