{
    "confidence_score": 0.8541688323020935,
    "ptm": 0.8919762372970581,
    "iptm": 0.8775103688240051,
    "ligand_iptm": 0.0,
    "protein_iptm": 0.8775103688240051,
    "complex_plddt": 0.8483334183692932,
    "complex_iplddt": 0.8580149412155151,
    "complex_pde": 0.4903133511543274,
    "complex_ipde": 1.4323595762252808,
    "chains_ptm": {
        "0": 0.9170205593109131,
        "1": 0.9156578779220581
    },
    "pair_chains_iptm": {
        "0": {
            "0": 0.9170205593109131,
            "1": 0.8775103688240051
        },
        "1": {
            "0": 0.8766301274299622,
            "1": 0.9156578779220581
        }
    }
}