{
    "confidence_score": 0.861046314239502,
    "ptm": 0.9282291531562805,
    "iptm": 0.9248579740524292,
    "ligand_iptm": 0.964928925037384,
    "protein_iptm": 0.9166268110275269,
    "complex_plddt": 0.8450934290885925,
    "complex_iplddt": 0.840844988822937,
    "complex_pde": 0.4214644134044647,
    "complex_ipde": 0.6990265846252441,
    "chains_ptm": {
        "0": 0.9385937452316284,
        "1": 0.938835084438324,
        "2": 0.9347693920135498,
        "3": 0.936152994632721
    },
    "pair_chains_iptm": {
        "0": {
            "0": 0.9385937452316284,
            "1": 0.9163081645965576,
            "2": 0.5593815445899963,
            "3": 0.48752561211586
        },
        "1": {
            "0": 0.9166268110275269,
            "1": 0.938835084438324,
            "2": 0.4955030083656311,
            "3": 0.5533484220504761
        },
        "2": {
            "0": 0.9688286781311035,
            "1": 0.9597712755203247,
            "2": 0.9347693920135498,
            "3": 0.534408688545227
        },
        "3": {
            "0": 0.9607654809951782,
            "1": 0.9704826474189758,
            "2": 0.5430353879928589,
            "3": 0.936152994632721
        }
    }
}