{
    "confidence_score": 0.8617486953735352,
    "ptm": 0.916234016418457,
    "iptm": 0.9058083891868591,
    "ligand_iptm": 0.0,
    "protein_iptm": 0.9058083891868591,
    "complex_plddt": 0.850733757019043,
    "complex_iplddt": 0.8531970977783203,
    "complex_pde": 0.4446167051792145,
    "complex_ipde": 1.1940706968307495,
    "chains_ptm": {
        "0": 0.9341517090797424,
        "1": 0.9352791905403137
    },
    "pair_chains_iptm": {
        "0": {
            "0": 0.9341517090797424,
            "1": 0.9050253033638
        },
        "1": {
            "0": 0.9058083891868591,
            "1": 0.9352791905403137
        }
    }
}