{
    "confidence_score": 0.8234151005744934,
    "ptm": 0.8906952142715454,
    "iptm": 0.8779681324958801,
    "ligand_iptm": 0.0,
    "protein_iptm": 0.8779681324958801,
    "complex_plddt": 0.8097768425941467,
    "complex_iplddt": 0.8219709396362305,
    "complex_pde": 0.4825756847858429,
    "complex_ipde": 1.362204909324646,
    "chains_ptm": {
        "0": 0.9114010334014893,
        "1": 0.9124318957328796
    },
    "pair_chains_iptm": {
        "0": {
            "0": 0.9114010334014893,
            "1": 0.8767338991165161
        },
        "1": {
            "0": 0.8779681324958801,
            "1": 0.9124318957328796
        }
    }
}