{
    "confidence_score": 0.8883468508720398,
    "ptm": 0.9376744031906128,
    "iptm": 0.9339625239372253,
    "ligand_iptm": 0.9651776552200317,
    "protein_iptm": 0.9277282357215881,
    "complex_plddt": 0.8769429922103882,
    "complex_iplddt": 0.887188196182251,
    "complex_pde": 0.3995245695114136,
    "complex_ipde": 0.6542369723320007,
    "chains_ptm": {
        "0": 0.946414589881897,
        "1": 0.9462184309959412,
        "2": 0.9325236678123474,
        "3": 0.9335196614265442
    },
    "pair_chains_iptm": {
        "0": {
            "0": 0.946414589881897,
            "1": 0.9271674156188965,
            "2": 0.5583919286727905,
            "3": 0.48442190885543823
        },
        "1": {
            "0": 0.9277282357215881,
            "1": 0.9462184309959412,
            "2": 0.4726546108722687,
            "3": 0.5704147219657898
        },
        "2": {
            "0": 0.9681434035301208,
            "1": 0.9603452086448669,
            "2": 0.9325236678123474,
            "3": 0.6035653352737427
        },
        "3": {
            "0": 0.9625205993652344,
            "1": 0.9708192944526672,
            "2": 0.5933618545532227,
            "3": 0.9335196614265442
        }
    }
}