{
    "confidence_score": 0.8705951571464539,
    "ptm": 0.9088537693023682,
    "iptm": 0.9039984941482544,
    "ligand_iptm": 0.9378951191902161,
    "protein_iptm": 0.8968997001647949,
    "complex_plddt": 0.8622443675994873,
    "complex_iplddt": 0.8535115122795105,
    "complex_pde": 0.47438326478004456,
    "complex_ipde": 0.9162977933883667,
    "chains_ptm": {
        "0": 0.9234939813613892,
        "1": 0.9228487610816956,
        "2": 0.9268370270729065,
        "3": 0.9283803105354309
    },
    "pair_chains_iptm": {
        "0": {
            "0": 0.9234939813613892,
            "1": 0.8968997001647949,
            "2": 0.50898277759552,
            "3": 0.41393008828163147
        },
        "1": {
            "0": 0.8954810500144958,
            "1": 0.9228487610816956,
            "2": 0.42056119441986084,
            "3": 0.5047739744186401
        },
        "2": {
            "0": 0.9431150555610657,
            "1": 0.9338718056678772,
            "2": 0.9268370270729065,
            "3": 0.4725775420665741
        },
        "3": {
            "0": 0.9345936179161072,
            "1": 0.9421432018280029,
            "2": 0.480593204498291,
            "3": 0.9283803105354309
        }
    }
}