{
    "confidence_score": 0.8187254071235657,
    "ptm": 0.8855133056640625,
    "iptm": 0.875002384185791,
    "ligand_iptm": 0.0,
    "protein_iptm": 0.875002384185791,
    "complex_plddt": 0.8046562075614929,
    "complex_iplddt": 0.7967950105667114,
    "complex_pde": 0.47876933217048645,
    "complex_ipde": 1.2482043504714966,
    "chains_ptm": {
        "0": 0.9056417942047119,
        "1": 0.9073144197463989
    },
    "pair_chains_iptm": {
        "0": {
            "0": 0.9056417942047119,
            "1": 0.8736619353294373
        },
        "1": {
            "0": 0.875002384185791,
            "1": 0.9073144197463989
        }
    }
}