{
    "confidence_score": 0.8342316746711731,
    "ptm": 0.869716227054596,
    "iptm": 0.8567119836807251,
    "ligand_iptm": 0.0,
    "protein_iptm": 0.8567119836807251,
    "complex_plddt": 0.8286115527153015,
    "complex_iplddt": 0.8381150960922241,
    "complex_pde": 0.5314604640007019,
    "complex_ipde": 1.4362560510635376,
    "chains_ptm": {
        "0": 0.8950249552726746,
        "1": 0.8934746384620667
    },
    "pair_chains_iptm": {
        "0": {
            "0": 0.8950249552726746,
            "1": 0.8567119836807251
        },
        "1": {
            "0": 0.8549323678016663,
            "1": 0.8934746384620667
        }
    }
}