{
    "confidence_score": 0.8756589293479919,
    "ptm": 0.897682249546051,
    "iptm": 0.8876748085021973,
    "ligand_iptm": 0.0,
    "protein_iptm": 0.8876748085021973,
    "complex_plddt": 0.872654914855957,
    "complex_iplddt": 0.8869189620018005,
    "complex_pde": 0.4797353446483612,
    "complex_ipde": 1.2540868520736694,
    "chains_ptm": {
        "0": 0.9186264872550964,
        "1": 0.9176604747772217
    },
    "pair_chains_iptm": {
        "0": {
            "0": 0.9186264872550964,
            "1": 0.8876748085021973
        },
        "1": {
            "0": 0.8867146968841553,
            "1": 0.9176604747772217
        }
    }
}