{
    "confidence_score": 0.8789273500442505,
    "ptm": 0.9373316764831543,
    "iptm": 0.9329114556312561,
    "ligand_iptm": 0.9551154375076294,
    "protein_iptm": 0.9284359812736511,
    "complex_plddt": 0.8654313087463379,
    "complex_iplddt": 0.8550146222114563,
    "complex_pde": 0.39790016412734985,
    "complex_ipde": 0.7252258062362671,
    "chains_ptm": {
        "0": 0.9447014927864075,
        "1": 0.9452111124992371,
        "2": 0.9276477098464966,
        "3": 0.9287522435188293
    },
    "pair_chains_iptm": {
        "0": {
            "0": 0.9447014927864075,
            "1": 0.9283508658409119,
            "2": 0.5162742733955383,
            "3": 0.46214741468429565
        },
        "1": {
            "0": 0.9284359812736511,
            "1": 0.9452111124992371,
            "2": 0.4542483687400818,
            "3": 0.5243645906448364
        },
        "2": {
            "0": 0.9603824019432068,
            "1": 0.952758252620697,
            "2": 0.9276477098464966,
            "3": 0.5136271119117737
        },
        "3": {
            "0": 0.9537150859832764,
            "1": 0.9605658650398254,
            "2": 0.5075458288192749,
            "3": 0.9287522435188293
        }
    }
}