{
    "confidence_score": 0.833662211894989,
    "ptm": 0.8813565969467163,
    "iptm": 0.8690295219421387,
    "ligand_iptm": 0.0,
    "protein_iptm": 0.8690295219421387,
    "complex_plddt": 0.824820339679718,
    "complex_iplddt": 0.836125373840332,
    "complex_pde": 0.49856260418891907,
    "complex_ipde": 1.4022451639175415,
    "chains_ptm": {
        "0": 0.9030922651290894,
        "1": 0.9024461507797241
    },
    "pair_chains_iptm": {
        "0": {
            "0": 0.9030922651290894,
            "1": 0.8690295219421387
        },
        "1": {
            "0": 0.8683314323425293,
            "1": 0.9024461507797241
        }
    }
}