prot_name,confidence_score_holo,ptm_holo,iptm_holo,ligand_iptm_holo,protein_iptm_holo,complex_plddt_holo,complex_iplddt_holo,complex_pde_holo,complex_ipde_holo,mean_mut_plddt_holo,confidence_score_apo,ptm_apo,iptm_apo,ligand_iptm_apo,protein_iptm_apo,complex_plddt_apo,complex_iplddt_apo,complex_pde_apo,complex_ipde_apo,mean_mut_plddt_apo,holo_apo_complex_ipde_ratio,holo_apo_protein_iptm_ratio,holo_apo_protein_iplddt_ratio,holo_complex_quality_score,apo_complex_quality_score,Cofolding_confidence_score
boltz_results_AcrR_1,0.8880699276924133,-0.4772209823131562,0.9491239190101624,0.9678823351860046,0.9443897008895874,0.48004350364208226,0.8349533081054688,-0.0869847610592842,0.5599949955940247,0.8848241567611694,0.9050390124320984,-0.4561817348003388,0.8980965614318848,0.0,0.8980965614318848,0.49872601926326754,0.8914214968681335,-0.1150989532470703,1.318253755569458,0.9089657664299012,0.42480060703647954,1.0515458375476852,0.9366537726978127,0.8006619170308114,0.8364110976457597,2.4130002172819776
boltz_results_AcrR_100,0.8683953285217285,-0.4733217656612396,0.9412893652915956,0.9509393572807312,0.9390791058540344,0.46759452521801,0.7946742177009583,-0.0965082198381424,0.6897881031036377,0.8733344674110413,0.8978185057640076,-0.4598401188850403,0.9080761075019836,0.0,0.9080761075019836,0.49238970875740057,0.8899303674697876,-0.1070520132780075,1.0944241285324097,0.8982335925102234,0.6302749410583839,1.034141409619659,0.8929622437318803,0.7710990071296693,0.8237311691045761,2.557378594409923
boltz_results_AcrR_1000,0.8789467811584473,-0.4692034423351288,0.9324080348014832,0.9536439180374146,0.927040696144104,0.47606983184814455,0.8306087255477905,-0.09805846959352492,0.6916807889938354,0.8807636499404907,0.900728166103363,-0.4598285555839538,0.9076288342475892,0.0,0.9076288342475892,0.4944516003131867,0.9013513326644896,-0.1082870215177536,1.1346033811569214,0.9013996720314026,0.6096234159716227,1.0213874451362124,0.9215149469989948,0.7895715698599814,0.8277356952428818,2.55252580810683
boltz_results_AcrR_101,0.8772236704826355,-0.4696807861328125,0.9333621263504028,0.9516866207122804,0.9287305474281312,0.47475400567054754,0.8238703012466431,-0.09931793808937073,0.726479172706604,0.8801605105400085,0.901419162750244,-0.462153673171997,0.9130743741989136,0.0,0.9130743741989136,0.49417793154716494,0.8932784199714661,-0.10354725271463393,0.9922172427177428,0.9011300206184388,0.7321775327313742,1.0171466571307004,0.9222995684514128,0.7859157919883728,0.8296070262789728,2.6716237583134874
boltz_results_AcrR_102,0.8757089972496033,-0.4749619662761688,0.9452941417694092,0.9645540118217468,0.9404321908950806,0.47207196652889255,0.8295716643333435,-0.09088311344385147,0.6166864633560181,0.8719148635864258,0.902854859828949,-0.4641711115837097,0.9177511930465698,0.0,0.9177511930465698,0.49452188611030584,0.8935344219207764,-0.1022471711039543,1.044240951538086,0.90115886926651,0.590559547054429,1.0247136675172481,0.9284160117190158,0.7781417503952981,0.8292624726891518,2.543689226290693
boltz_results_AcrR_103,0.8729189038276672,-0.4715226292610168,0.9379474520683287,0.9547145962715148,0.9337096214294434,0.4711639553308487,0.8184072375297546,-0.09686114639043808,0.6836594939231873,0.8743835687637329,0.8980266451835632,-0.464262068271637,0.9174584150314332,0.0,0.9174584150314332,0.4912428110837937,0.8808028697967529,-0.1019381359219551,0.9761889576911926,0.895220935344696,0.7003352051227114,1.017713289378302,0.9291605029836061,0.7771637484431266,0.8202635422348976,2.6472089974846194
boltz_results_AcrR_104,0.8743414878845215,-0.4759407937526703,0.9474236369132996,0.9671308398246764,0.9424425959587096,0.4708390146493912,0.8259329795837402,-0.08946581184864043,0.5719466805458069,0.8721467852592468,0.8986369967460632,-0.46128711104393,0.9111940860748292,0.0,0.9111940860748292,0.4925237566232682,0.8817899823188782,-0.10526619851589203,1.0585004091262815,0.89802086353302,0.5403367590740084,1.0342940218351178,0.9366549815090339,0.7775791943073274,0.8239913105964662,2.51128576241816
boltz_results_AcrR_129,0.8754854202270508,-0.4735696315765381,0.9402658343315125,0.962723195552826,0.934656262397766,0.4726096659898758,0.8148822784423828,-0.08840008080005644,0.5792320966720581,0.8728966116905212,0.8923385739326477,-0.4586541652679444,0.9035444855690002,0.0,0.9035444855690002,0.4892454028129578,0.872764527797699,-0.10843992978334427,1.1689174175262451,0.8921465873718262,0.4955286729304407,1.0344330327124662,0.9336794203800033,0.7835365653038024,0.8142978951334954,2.4636411260229103
boltz_results_AcrR_130,0.8948182463645935,-0.4731606841087342,0.939059555530548,0.9633929133415222,0.9329093098640442,0.4860668063163758,0.850878894329071,-0.08814773708581924,0.5852809548377991,0.8943031430244446,0.8982176184654236,-0.458995133638382,0.9042503237724304,0.0,0.9042503237724304,0.49319016039371494,0.8891074657440186,-0.10735715925693512,1.179960012435913,0.8987189531326294,0.496017618113637,1.0316936420570486,0.9570034299701249,0.819061528146267,0.8255568206310273,2.4847146901408106
boltz_results_AcrR_131,0.8769102096557617,-0.4784887433052063,0.9522104263305664,0.9696322679519652,0.947866439819336,0.4719468027353287,0.8104586005210876,-0.0844460055232048,0.5278467535972595,0.8725171089172363,0.8861215710639954,-0.4593869745731354,0.9058908224105836,0.0,0.9058908224105836,0.4846485674381257,0.8702555894851685,-0.1059785783290863,1.0925227403640747,0.8832587599754333,0.48314486655111516,1.0463362872990092,0.9312880150537661,0.7815291628241539,0.8025417745113375,2.4607691689038904
boltz_results_AcrR_132,0.8819109201431274,-0.474377691745758,0.9431477189064026,0.9625169634819032,0.9383298754692078,0.4766309380531311,0.8231143951416016,-0.09621722251176833,0.6515595316886902,0.882580578327179,0.8975192904472351,-0.4573276340961456,0.9022617340087892,0.0,0.9022617340087892,0.4929834991693497,0.8854553699493408,-0.10737819224596022,1.1829845905303955,0.8984777331352234,0.5507760091757079,1.0399752534114088,0.9295944471924024,0.7886166021227836,0.8267554059624671,2.520345709779519
boltz_results_AcrR_133,0.8742191195487976,-0.4679768979549408,0.9301415085792542,0.9532411694526672,0.9243769645690918,0.47313117086887363,0.8023291230201721,-0.09984590858221053,0.7180063128471375,0.8789355158805847,0.8930256962776184,-0.4631397128105164,0.9140782952308656,0.0,0.9140782952308656,0.48826936781406405,0.8638661503791809,-0.10519517958164215,1.1157753467559814,0.8900819420814514,0.643504371139475,1.011266725609785,0.9287655531681638,0.7842438802123071,0.8100164175033568,2.5835366499174235
boltz_results_AcrR_134,0.8818815350532532,-0.4647619128227234,0.9188029766082764,0.9350772500038148,0.9146895408630372,0.4799581050872803,0.8306772112846375,-0.1036655381321907,0.7966967821121216,0.8870446085929871,0.8982351422309875,-0.4585648477077484,0.90387225151062,0.0,0.90387225151062,0.4932542502880097,0.8924463987350464,-0.10883176326751708,1.181208848953247,0.8986973166465759,0.6744757989394772,1.011967719259374,0.9307866696106785,0.7985752627253533,0.8245549559593202,2.6172301878095294
boltz_results_AcrR_135,0.8783984184265137,-0.475146621465683,0.9450988173484802,0.964695394039154,0.9402130246162416,0.4739478498697281,0.8096194863319397,-0.08890632539987563,0.5839921832084656,0.8786048293113708,0.8907070159912109,-0.4665944874286652,0.9225823879241944,0.0,0.9225823879241944,0.4855059623718262,0.8634437918663025,-0.09703905880451202,0.9957358241081238,0.8852526545524597,0.58649309291603,1.0191100945810552,0.9376632201871259,0.7884997323155403,0.8071250706911086,2.5432664076842113
boltz_results_AcrR_136,0.8773052096366882,-0.4767641723155976,0.9481871128082277,0.9660748839378356,0.9437811970710754,0.47277161180973054,0.8035513162612915,-0.0881461352109909,0.5558737516403198,0.8785122632980347,0.903285801410675,-0.4615185856819153,0.9105483889579772,0.0,0.9105483889579772,0.49580856859684,0.8909673094749451,-0.10461028665304183,1.1133617162704468,0.9036335349082948,0.4992750725275455,1.03649757499558,0.9018864190817859,0.7863735675811767,0.8333132311701776,2.4376590666049114
boltz_results_AcrR_161,0.868830680847168,-0.474321722984314,0.9427697658538818,0.9578848481178284,0.939066469669342,0.4676902830600739,0.7896338701248169,-0.09176529943943022,0.6343618631362915,0.8702446222305298,0.8900642395019531,-0.4617176353931427,0.910900354385376,0.0,0.910900354385376,0.486670333147049,0.8624220490455627,-0.1040375828742981,1.1180416345596311,0.8874570727348328,0.5673866191809135,1.0309211816071484,0.9156002806267534,0.7718478828668593,0.808372187614441,2.513908081414815
boltz_results_AcrR_162,0.8778974413871765,-0.4739571213722229,0.939167022705078,0.9584354758262634,0.9344335794448853,0.4744190007448197,0.7908192873001099,-0.0887923240661621,0.6086499691009521,0.8848099112510681,0.8948026895523071,-0.460848867893219,0.9088528156280518,0.0,0.9088528156280518,0.49020960330963137,0.8838654160499573,-0.1051081120967865,1.092319369316101,0.8933365941047668,0.5572088037604118,1.0281462117704463,0.8947281712122241,0.7964794665575028,0.8175892174243926,2.4800831867430824
boltz_results_AcrR_163,0.8768474459648132,-0.470444530248642,0.9341588020324708,0.9547080397605896,0.9289650321006776,0.47438579201698305,0.8165872693061829,-0.09434858709573744,0.6654579639434814,0.8786526322364807,0.8845652937889099,-0.4563121497631073,0.8985177278518677,0.0,0.8985177278518677,0.48459244370460514,0.8612637519836426,-0.10970542579889297,1.249425768852234,0.883423924446106,0.5326110446359644,1.0338861474904917,0.9481268280772738,0.7882453069090842,0.8019987925887109,2.5146240202037298
boltz_results_AcrR_164,0.8777130246162415,-0.4800352454185486,0.9554504156112672,0.9665160179138184,0.9527724385261536,0.47205328047275547,0.7986579537391663,-0.08561541140079497,0.5500150322914124,0.8805033564567566,0.8944216966629028,-0.459420919418335,0.906625747680664,0.0,0.906625747680664,0.4902538597583771,0.8784201145172119,-0.10733965784311295,1.190704345703125,0.893668532371521,0.46192409919073735,1.050899382643326,0.909198162177919,0.7869059801101685,0.8171618148684501,2.4220216440119824
boltz_results_AcrR_165,0.873582661151886,-0.4707376658916474,0.9371245503425598,0.9636843204498292,0.9304116368293762,0.47173342108726507,0.8149824738502502,-0.09395254403352737,0.6265892386436462,0.8718502521514893,0.8936551213264465,-0.46168652176857,0.9107645153999328,0.0,0.9107645153999328,0.48915774226188663,0.8772895932197571,-0.1046365201473236,1.0791133642196655,0.8916643857955933,0.5806519124121393,1.0215721200126204,0.9289777060493419,0.7788934633135796,0.8144990861415864,2.5312017384741017
boltz_results_AcrR_166,0.8653775453567505,-0.4646457433700562,0.9197712540626526,0.9409842491149902,0.9144095182418824,0.468478474020958,0.7872655391693115,-0.1065027266740799,0.7915139198303223,0.877041220664978,0.8806489109992981,-0.4561433792114258,0.8981770277023315,0.0,0.8981770277023315,0.4819467604160309,0.8579328060150146,-0.11253705620765685,1.2891703844070437,0.8798800706863403,0.6139715350305542,1.0180727073159241,0.9176307674094626,0.7743712246418,0.7931463956832885,2.549675009755941
boltz_results_AcrR_167,0.8765511512756348,-0.4742768704891205,0.9438791871070862,0.9667848348617554,0.9380897879600524,0.4728455364704132,0.8233240842819214,-0.09665463864803313,0.7315460443496704,0.8699813485145569,0.891735851764679,-0.4584454596042633,0.9027070999145508,0.0,0.9027070999145508,0.4889461308717728,0.8686563968658447,-0.10841155052185057,1.214869737625122,0.8909542560577393,0.6021600684364128,1.0391962000175372,0.9478132979305919,0.7718953758478164,0.8130433768033982,2.589169566384542
boltz_results_AcrR_168,0.8626595735549927,-0.47137251496315,0.9355789422988892,0.952719509601593,0.931351363658905,0.46443635225296026,0.7688543796539307,-0.09998741000890732,0.7139033675193787,0.8705289959907532,0.8948140144348145,-0.4573851227760315,0.9017773270606996,0.0,0.9017773270606996,0.49119022786617283,0.875270664691925,-0.11146477609872818,1.2433955669403076,0.8955240249633789,0.5741562753646615,1.0327952762957577,0.8784189973104486,0.763605423271656,0.8178643539547921,2.4853705489708675
boltz_results_AcrR_193,0.878804624080658,-0.4737811982631684,0.9427820444107056,0.9656240344047546,0.9370086193084716,0.4745456397533417,0.8243523240089417,-0.0909001976251602,0.5973078608512878,0.8774183988571167,0.8989538550376892,-0.4709136486053467,0.9316933751106262,0.0,0.9316933751106262,0.48992291986942293,0.8869587779045105,-0.09039735049009323,0.7975683212280273,0.8926325440406799,0.7489112154449721,1.0057049286169006,0.9294144717260929,0.7872826427221298,0.8212444648146628,2.6840306157879654
boltz_results_AcrR_194,0.8811786770820618,-0.4688329100608826,0.9297810196876526,0.9608662724494934,0.9219242334365844,0.47796545028686527,0.8405027389526367,-0.09477871656417845,0.645695149898529,0.8819836974143982,0.9001846313476562,-0.4544551074504852,0.8958442807197571,0.0,0.8958442807197571,0.4956983208656312,0.9041224718093872,-0.11548061668872832,1.3068729639053345,0.9039110541343688,0.4940764463968979,1.0291121495980011,0.9296337223767587,0.7963375210762025,0.8296736508607865,2.4528223183716578
boltz_results_AcrR_195,0.8759939074516296,-0.4714741110801697,0.9374027848243712,0.9610796570777892,0.931418478488922,0.47335294485092166,0.8215402364730835,-0.09361427277326582,0.6270202994346619,0.8748990893363953,0.8972463607788086,-0.465617686510086,0.9205747246742249,0.0,0.9205747246742249,0.4902778565883637,0.8822885155677795,-0.10008712857961655,0.9625885486602784,0.8940433263778687,0.6513897348013777,1.0117793303727023,0.9311469230044294,0.7831636503338815,0.8186163678765297,2.5943159881785096
boltz_results_AcrR_196,0.8796600699424744,-0.4736578166484833,0.942129611968994,0.959482192993164,0.9377437829971312,0.4752234518527985,0.8347868919372559,-0.09272676706314087,0.6228926777839661,0.8787970542907715,0.8994894027709961,-0.456752896308899,0.9008756279945374,0.0,0.9008756279945374,0.49452857375144965,0.8972828388214111,-0.10975188761949538,1.1541681289672852,0.9012876152992249,0.5396897229707007,1.040924800113271,0.9303497802696815,0.7876359224319458,0.8293114051222803,2.5109643033536533
boltz_results_AcrR_197,0.883736789226532,-0.4753682613372802,0.9458861947059632,0.9677231311798096,0.9403669834136964,0.4775097072124482,0.8371132016181946,-0.08806540071964263,0.5625550746917725,0.8801476359367371,0.8996104598045349,-0.4678098261356354,0.9253599643707277,0.0,0.9253599643707277,0.4912451714277268,0.88752281665802,-0.0963013246655464,0.926991641521454,0.8954150080680847,0.6068610001363781,1.0162174933223678,0.9432018939753644,0.7942236810922623,0.8225490286946298,2.5662803874341105
boltz_results_AcrR_198,0.8790566325187683,-0.47316575050354,0.9414629340171814,0.9636123776435852,0.9359936714172364,0.4749002814292908,0.8304700255393982,-0.09203911572694777,0.6126599311828613,0.878165066242218,0.9037594199180604,-0.4579153656959534,0.9041160345077516,0.0,0.9041160345077516,0.4970186382532121,0.8944979310035706,-0.11190324276685715,1.250325322151184,0.9067749381065368,0.490000418554093,1.0352583470404224,0.928420286682679,0.787860481441021,0.8339749678969384,2.4536790522771943
boltz_results_AcrR_199,0.8736612200737,-0.4723794758319855,0.940034568309784,0.9653534293174744,0.9336516261100768,0.47138733565807345,0.8190256953239441,-0.09045156091451645,0.5829328894615173,0.8719403743743896,0.8987787365913391,-0.4645301103591919,0.919022023677826,0.0,0.919022023677826,0.49154486954212195,0.8866081237792969,-0.10137850791215895,1.0107005834579468,0.8957303762435913,0.5767612080197954,1.0159186635960091,0.9237741831562825,0.7804966732859611,0.8213666275143625,2.516454054772087
boltz_results_AcrR_2,0.8880596160888672,-0.4692390561103821,0.932494342327118,0.9517086744308472,0.9276379942893982,0.4823230057954789,0.823601245880127,-0.10027652978897095,0.7303453087806702,0.894512951374054,0.9015583992004396,-0.4546663165092468,0.8954847455024719,0.0,0.8954847455024719,0.4966922551393509,0.8801472187042236,-0.1152006909251213,1.3240395784378052,0.9046248197555542,0.5516038347149583,1.0359059704237445,0.9357539606756411,0.8073203712701797,0.831450067460537,2.523263765814344
boltz_results_AcrR_200,0.8748208284378052,-0.4652122557163238,0.922082245349884,0.9480672478675842,0.9155145287513732,0.47465296983718874,0.8278338313102722,-0.10136209428310393,0.7359630465507507,0.8788286447525024,0.9040852785110474,-0.4623154103755951,0.9136921167373656,0.0,0.9136921167373656,0.4959259301424027,0.8893671035766602,-0.1040934845805168,1.0765583515167236,0.903838038444519,0.6836257835108328,1.00199455810182,0.9308122911012483,0.7869072645902633,0.83335507363081,2.616432632713901
boltz_results_AcrR_225,0.880226731300354,-0.4770146310329438,0.9492017030715942,0.9695692658424376,0.944053828716278,0.4746406108140946,0.8270911574363708,-0.08587580919265747,0.5414645671844482,0.8782132863998413,0.896063506603241,-0.4609055519104004,0.9102113246917723,0.0,0.9102113246917723,0.49088961184024815,0.8823692798614502,-0.1039406508207321,1.1168750524520874,0.8950916528701782,0.4848031711297235,1.0371809305228825,0.9373526213041334,0.7899634569883347,0.8211350619792939,2.4593367229567393
boltz_results_AcrR_226,0.8853614926338196,-0.476449966430664,0.9475147724151612,0.9658424854278564,0.9429575204849244,0.4784027040004731,0.8409735560417175,-0.0876810997724533,0.5647863745689392,0.8822934627532959,0.8960819244384766,-0.4528767466545105,0.8916341662406921,0.0,0.8916341662406921,0.49345661699771887,0.8945189118385315,-0.1144687458872795,1.305360198020935,0.8994461894035339,0.4326670718359694,1.057561000001404,0.9401406106811531,0.7965651005506516,0.8255573138594627,2.4303686825185267
boltz_results_AcrR_227,0.8759355545043945,-0.4738088846206665,0.9425379633903505,0.9620786309242249,0.9375991225242616,0.4726067155599594,0.8185724020004272,-0.09078535437583922,0.6042981743812561,0.8751847147941589,0.891753613948822,-0.4578073620796204,0.9015167951583862,0.0,0.9015167951583862,0.4891220092773438,0.8835113048553467,-0.10754135996103285,1.1018555164337158,0.8917047381401062,0.5484368552577,1.0400240212491394,0.9264990696802101,0.7831971913576126,0.8154780253767968,2.5149599461870498
boltz_results_AcrR_228,0.8748961687088013,-0.474020391702652,0.9426615834236144,0.9580994844436646,0.9387876987457277,0.47187514007091524,0.8216223120689392,-0.09311125427484512,0.6416325569152832,0.8746545910835266,0.8969144821166992,-0.4623342156410218,0.9138169288635254,0.0,0.9138169288635254,0.49097884595394137,0.8846229910850525,-0.10063884407281876,0.9379886388778688,0.8954249024391174,0.6840515229298286,1.0273257904220021,0.928782453484689,0.7793980851769446,0.8234306886792182,2.6401597668365198
boltz_results_AcrR_229,0.8793596625328064,-0.4785948991775512,0.953469455242157,0.9736340641975404,0.9483728408813475,0.4734576851129532,0.8265873193740845,-0.08394648879766463,0.5098444223403931,0.8748018741607666,0.9019290804862976,-0.467015027999878,0.922821283340454,0.0,0.922821283340454,0.49318832457065587,0.8868575692176819,-0.09589464217424393,0.8815581202507019,0.8990132212638855,0.5783446498064143,1.027688522146348,0.9320406659022337,0.785718171298504,0.8292918756604195,2.538073837854996
boltz_results_AcrR_230,0.8747079968452454,-0.4751608371734619,0.9444521069526672,0.9608334302902222,0.9403117299079896,0.4714995831251145,0.8095055222511292,-0.09036098420619965,0.6242761015892029,0.8744080066680908,0.9021273851394652,-0.4628118872642517,0.9156394600868224,0.0,0.9156394600868224,0.4943121105432511,0.9037156701087952,-0.10450782626867294,1.033257246017456,0.9014678597450256,0.6041826505406924,1.0269453981579473,0.8957524462906299,0.7803857684135438,0.8284602567553521,2.5268804949892694
boltz_results_AcrR_231,0.8731722235679626,-0.4774078726768494,0.9499049186706544,0.967048168182373,0.9456731081008912,0.4696939527988434,0.8080129623413086,-0.0861528143286705,0.5523297786712646,0.8709589838981628,0.8930309414863586,-0.4622617959976196,0.9118010997772216,0.0,0.9118010997772216,0.488586112856865,0.8749412298202515,-0.10283773392438887,1.029019117355347,0.8905093669891357,0.5367536611863848,1.0371484617993392,0.9235054136233897,0.7770922496914863,0.8139959499239922,2.4974075366091135
boltz_results_AcrR_232,0.8846713304519653,-0.4765213429927826,0.9490426778793336,0.968644082546234,0.9441565871238708,0.4777181386947632,0.8387748003005981,-0.08736983686685562,0.5492631793022156,0.8822458982467651,0.8995367884635925,-0.4654325544834137,0.92119699716568,0.0,0.92119699716568,0.49176697134971625,0.8894116878509521,-0.09694162011146545,0.9341987371444702,0.8954746127128601,0.5879511044739019,1.024923648284604,0.9430669865912087,0.79607285708189,0.8248674094676973,2.5559417393497146
boltz_results_AcrR_257,0.9004402160644531,-0.4780700206756592,0.9515353441238404,0.9704047441482544,0.9467660188674928,0.4882165223360062,0.8619443774223328,-0.08567795157432555,0.5437111258506775,0.8982939124107361,0.9096403121948242,-0.461769849061966,0.9108599424362184,0.0,0.9108599424362184,0.5001344889402389,0.9062506556510924,-0.10385353118181227,1.0502233505249023,0.911889374256134,0.5177099952871266,1.03941997529855,0.9511103490491514,0.8227624624967576,0.8464004829525948,2.5082403196348277
boltz_results_AcrR_258,0.8937811851501465,-0.4776361584663391,0.9506203532218932,0.962947428226471,0.9475046396255492,0.4837642908096314,0.8207268118858337,-0.08906271308660507,0.58627849817276,0.902759313583374,0.9093417525291444,-0.4530247747898102,0.8917579054832458,0.0,0.8917579054832458,0.5025557428598404,0.9137519598007202,-0.11596576869487762,1.3296787738800049,0.915662944316864,0.44091739274892566,1.062513305236239,0.8981943109209043,0.8198247328400612,0.8492281436920166,2.401625008906069
boltz_results_AcrR_259,0.884324848651886,-0.4709918797016144,0.9364259243011476,0.9519142508506776,0.9325112104415894,0.47921479344367984,0.8210002779960632,-0.09567879885435104,0.6667594909667969,0.8912468552589417,0.9066987037658693,-0.4564710259437561,0.8986018300056458,0.0,0.8986018300056458,0.49979761540889744,0.9082120060920716,-0.11289108544588088,1.229952096939087,0.9115609526634216,0.5421019994405668,1.0377357126411935,0.9039742620544402,0.8037909701466561,0.8419964566826821,2.4838119741362004
boltz_results_AcrR_260,0.8929353952407837,-0.469447672367096,0.931176483631134,0.9376054406166076,0.9295515418052672,0.48585627675056464,0.824568510055542,-0.10208531469106673,0.8025512099266052,0.905902624130249,0.9097421765327454,-0.4595199525356292,0.9063670635223388,0.0,0.9063670635223388,0.5008222997188568,0.9075905680656432,-0.10590391606092453,1.1119067668914795,0.9125236868858336,0.7217792298991675,1.0255795683846107,0.908524767740759,0.8202259138226511,0.8479221180081367,2.6558835660245372
boltz_results_AcrR_261,0.8932962417602539,-0.4731322526931762,0.9410189390182496,0.9642542004585266,0.9351462721824646,0.484751045703888,0.8583064675331116,-0.09273557364940642,0.6257904767990112,0.8919667601585388,0.907315731048584,-0.4571898877620697,0.8988111615180969,0.0,0.8988111615180969,0.5001930058002473,0.8979243040084839,-0.10895907133817673,1.174835205078125,0.911762535572052,0.5326623462542536,1.04042574482831,0.9558784228263878,0.810849979519844,0.8458065822720529,2.5289665139089514
boltz_results_AcrR_262,0.8729379773139954,-0.4597696363925934,0.9088374972343444,0.9078308939933776,0.9090918898582458,0.4751796871423722,0.7845161557197571,-0.1239098384976387,1.114304780960083,0.8935459852218628,0.9102224707603456,-0.4531362354755402,0.8909545540809631,0.0,0.8909545540809631,0.5032716810703278,0.9049004912376404,-0.11561984568834305,1.3164881467819214,0.9164069890975952,0.8464221904951716,1.020357195206204,0.8669640068896055,0.7850461974740028,0.8509225890040399,2.733743392590981
boltz_results_AcrR_263,0.8795389533042908,-0.4734219908714294,0.9400124549865724,0.9462305903434752,0.9387089014053344,0.4754313260316849,0.7941315174102783,-0.09593985974788664,0.7180922627449036,0.8911644220352173,0.9126178622245787,-0.4668928682804108,0.9225523471832277,0.0,0.9225523471832277,0.5005738407373429,0.9089356660842896,-0.0983920618891716,0.9662153720855712,0.9125719666481018,0.7432010331142889,1.0175128861483433,0.8736938675004475,0.7972338974475861,0.8478608772158625,2.63440778676308
boltz_results_AcrR_264,0.8826029896736145,-0.4658422768115998,0.9254327416419984,0.9413347244262696,0.9214134812355042,0.4795425206422806,0.8193027377128601,-0.10444874316453932,0.794227659702301,0.8936381340026855,0.9089959263801576,-0.4502992033958435,0.884830117225647,0.0,0.884830117225647,0.5032705664634706,0.9099771976470948,-0.117435023188591,1.385385274887085,0.9161625504493712,0.5732900977795033,1.041345070988952,0.9003552394843636,0.802889634668827,0.8516988903284073,2.514990408252819
boltz_results_AcrR_289,0.8851586580276489,-0.477720320224762,0.9510246515274048,0.968799352645874,0.946532130241394,0.4777806550264359,0.8203357458114624,-0.08697298169136047,0.5624095797538757,0.8868507742881775,0.902578353881836,-0.4576157927513122,0.8992235064506531,0.0,0.8992235064506531,0.4968793779611587,0.8965870141983032,-0.1102963164448738,1.2081936597824097,0.9061027765274048,0.46549621842508526,1.0526105283629361,0.9149538559232625,0.7999381273984909,0.8350700452923774,2.4330606027112838
boltz_results_AcrR_290,0.8977214694023132,-0.4749531745910644,0.9450051188468932,0.963458776473999,0.9404364228248596,0.4872453063726426,0.8659237027168274,-0.08880700170993805,0.5535582304000854,0.8956121206283569,0.9039293527603148,-0.45016220211982727,0.8844266533851624,0.0,0.8844266533851624,0.4998427569866181,0.9006218910217285,-0.11678263545036315,1.4105565547943115,0.9104715585708618,0.3924395860049764,1.0633289026572397,0.9614730791569622,0.819097250699997,0.8433694779872896,2.417241567819178
boltz_results_AcrR_291,0.8938465118408203,-0.4728387594223022,0.9401235580444336,0.958477258682251,0.9355270266532898,0.4852524548768998,0.8516749739646912,-0.09345126152038573,0.6359258890151978,0.8955419063568115,0.9052114486694336,-0.454961508512497,0.8951287865638733,0.0,0.8951287865638733,0.49925267100334164,0.9041146039962769,-0.11425357311964035,1.2897979021072388,0.9098724126815796,0.49304304804360305,1.0451312042421215,0.9419989127486744,0.8145043402910233,0.8399100020527839,2.4801731650343988
boltz_results_AcrR_292,0.8926378488540649,-0.479654461145401,0.954023778438568,0.9614253640174866,0.9524298906326294,0.4825102269649506,0.8202847838401794,-0.0866953656077385,0.5808259844779968,0.9001362323760986,0.904974400997162,-0.4575041830539704,0.9012058973312378,0.0,0.9012058973312378,0.4982540816068649,0.9008265137672424,-0.10849464684724808,1.168727993965149,0.9078498482704164,0.4969727665266456,1.0568393898143393,0.9105912973295616,0.8162966325879097,0.8401050999760629,2.4644034536705464
boltz_results_AcrR_293,0.88761967420578,-0.469607025384903,0.932117998600006,0.9527842402458192,0.9269421100616456,0.48207228481769565,0.8355848789215088,-0.09726431220769882,0.704820990562439,0.8920361399650574,0.9069450497627258,-0.4571073651313782,0.9001648426055908,0.0,0.9001648426055908,0.49975204765796666,0.9039373993873596,-0.10962780565023422,1.175367832183838,0.910518765449524,0.5996599288010791,1.0297470709681864,0.9243835684725773,0.8072370871901513,0.8435356423258784,2.5537905682418427
boltz_results_AcrR_294,0.8872378468513489,-0.4754303097724914,0.9462926387786864,0.9685482382774352,0.940667450428009,0.47986077368259433,0.8458924293518066,-0.08943622559309004,0.5688134431838989,0.8849936127662659,0.9092749953269958,-0.4561997354030609,0.898051917552948,0.0,0.898051917552948,0.5016444206237793,0.9029370546340942,-0.11104170233011244,1.2664241790771484,0.913502037525177,0.4491492286560708,1.0474533064760685,0.936823253637094,0.7999878510832787,0.847905020415783,2.433425788769233
boltz_results_AcrR_295,0.8798143267631531,-0.4725923538208008,0.9388536214828492,0.9498342275619508,0.9360781908035278,0.475780001282692,0.8071241974830627,-0.09677496552467345,0.6984685063362122,0.8875886797904968,0.9114133715629578,-0.4631672203540802,0.913662314414978,0.0,0.913662314414978,0.5009681165218355,0.8992416262626648,-0.103016696870327,1.0507651567459106,0.9128117561340332,0.6647237033432689,1.024534093214628,0.8975609823997461,0.7940013617277146,0.8475959554314616,2.5868187789576433
boltz_results_AcrR_296,0.8886998295783997,-0.469051718711853,0.9323471784591676,0.9531428217887878,0.9271242022514344,0.4827833712100983,0.8367346525192261,-0.09629321843385695,0.6749141216278076,0.8962348699569702,0.9080169796943665,-0.4550065398216248,0.8960494995117188,0.0,0.8960494995117188,0.5010548919439316,0.8981099724769592,-0.11336510628461838,1.289803147315979,0.9127290844917296,0.523269091901561,1.0346796720009879,0.9316616875008503,0.8136733040213584,0.8454123303294181,2.489610451403399
boltz_results_AcrR_3,0.884483277797699,-0.4725050032138824,0.9385101199150084,0.954976201057434,0.9343482851982116,0.4790371119976044,0.8329326510429382,-0.09403099119663237,0.6604623794555664,0.8850178718566895,0.904810070991516,-0.4605533480644226,0.9079837203025818,0.0,0.9079837203025818,0.49720913767814634,0.898306131362915,-0.10863631963729857,1.1376938819885254,0.9066435098648072,0.5805273192655067,1.0290363850211366,0.9272258331123803,0.7975189894437791,0.8346629798412324,2.5367895373990237
boltz_results_AcrR_321,0.8911129236221313,-0.4723897874355316,0.9401297569274902,0.9610491991043092,0.93484228849411,0.4833722770214081,0.844322144985199,-0.09254151582717896,0.6236440539360046,0.8926425576210022,0.9040884375572203,-0.4619506299495697,0.9120893478393556,0.0,0.9120893478393556,0.49614852368831647,0.8969033360481262,-0.10224746912717818,0.9957324266433716,0.90509033203125,0.6263169072823286,1.0249459559073393,0.9413747402316431,0.8110835313796998,0.8370407566428186,2.592637603421311
boltz_results_AcrR_322,0.8900346755981445,-0.4743926227092743,0.944233775138855,0.961950957775116,0.93975567817688,0.48206671178340915,0.8396584391593933,-0.0919155180454254,0.6163779497146606,0.8900779485702515,0.907033383846283,-0.4621222913265228,0.9130764603614808,0.0,0.9130764603614808,0.4980374217033387,0.9006865620613098,-0.10111136734485625,0.9511480927467346,0.9078754186630248,0.648035731149582,1.0292190402157964,0.9322426630167018,0.805836519598961,0.8426791816949843,2.60949743438208
boltz_results_AcrR_323,0.8916918635368347,-0.474294662475586,0.9428629875183104,0.9565208554267884,0.9394109845161438,0.4833945035934449,0.843599796295166,-0.09223447740077972,0.6410636305809021,0.8940311074256897,0.904798150062561,-0.4634548723697662,0.9151881337165833,0.0,0.9151881337165833,0.49621031880378735,0.8918956518173218,-0.10138729959726332,0.9719467163085938,0.9049819111824036,0.6595666406648613,1.0264676189596027,0.9458503296616052,0.8108964711427689,0.8363500580191614,2.631884589286069
boltz_results_AcrR_324,0.8822442293167114,-0.4682585299015045,0.9306672215461732,0.9469260573387146,0.9265577793121338,0.4785761564970017,0.8315865993499756,-0.10162708163261412,0.7454051971435547,0.8871251940727234,0.9036657214164734,-0.4599142670631408,0.9084509015083312,0.0,0.9084509015083312,0.49635816812515254,0.8849079608917236,-0.10346277058124542,1.0155420303344729,0.9052698612213136,0.7339973874818874,1.019931597595136,0.9397436073600062,0.7958157390356064,0.83825099170208,2.6936725924370295
boltz_results_AcrR_325,0.8827434778213501,-0.4736104011535644,0.9421375393867492,0.961579442024231,0.937282383441925,0.47734218835830694,0.8306256532669067,-0.09216529875993727,0.6277501583099365,0.8842107653617859,0.9094316363334656,-0.462829202413559,0.9134038090705872,0.0,0.9134038090705872,0.4996412426233292,0.8981819152832031,-0.10204429179430008,1.036321759223938,0.9102424383163452,0.6057483139020788,1.026142407261948,0.9247855463723121,0.795777253806591,0.8450101867318154,2.5566762675363393
boltz_results_AcrR_326,0.8848644495010376,-0.4723635017871856,0.9396480321884156,0.9586535096168518,0.9348443746566772,0.47914270460605624,0.8339866995811462,-0.09325797855854034,0.639229416847229,0.8875378966331482,0.9071670770645142,-0.4602117538452148,0.9075610041618348,0.0,0.9075610041618348,0.4988877356052399,0.9012751579284668,-0.10487067699432373,1.0608993768692017,0.9088239669799804,0.6025353872236647,1.030062299250109,0.9253408265440495,0.8010591208934783,0.8426292717456816,2.557938513017823
boltz_results_AcrR_327,0.888748288154602,-0.4766039252281189,0.9477081894874572,0.9627257585525512,0.9439124464988708,0.4807045638561249,0.8386737108230591,-0.08895198255777358,0.6035411357879639,0.8900934457778931,0.9056972861289978,-0.4689177572727204,0.9288793802261353,0.0,0.9288793802261353,0.49494592845439916,0.8976693749427795,-0.09554839134216307,0.8396714925765991,0.9021806716918944,0.7187824537617082,1.0161840886909081,0.9342790722659097,0.8052421018481255,0.8326604515314102,2.669245614718526
boltz_results_AcrR_328,0.8638737797737122,-0.4726104736328125,0.939113974571228,0.9524427652359008,0.9357669353485109,0.46478506028652194,0.7630442380905151,-0.09554049372673035,0.6771715879440308,0.8785306811332703,0.9079770445823668,-0.4647755026817322,0.9185061454772948,0.0,0.9185061454772948,0.4979395985603333,0.8894914388656616,-0.0989503562450409,0.9197659492492676,0.9072734117507936,0.7362433763684691,1.018792242116406,0.8578432627340401,0.7751647740602494,0.8414871513843538,2.6128788812189154
boltz_results_AcrR_33,0.8815330862998962,-0.4749249815940857,0.9442448019981384,0.9563506841659546,0.9411849975585938,0.47622033655643464,0.8100464344024658,-0.09357523173093794,0.6722363829612732,0.8849458694458008,0.9010273814201356,-0.45502308011055,0.8944153189659119,0.0,0.8944153189659119,0.49647425115108496,0.8912181258201599,-0.11698202043771742,1.344643473625183,0.9050835371017456,0.4999365230613225,1.0522907843827576,0.9089205110780323,0.7926659926772117,0.8295526877045631,2.4611478185221127
boltz_results_AcrR_34,0.8842835426330566,-0.474130243062973,0.9442532658576964,0.9676370024681092,0.938343107700348,0.4781101197004319,0.8332014083862305,-0.09099943190813065,0.6019931435585022,0.8836578130722046,0.8996597528457642,-0.4544208943843842,0.8950559496879578,0.0,0.8950559496879578,0.49544589519500737,0.9017740488052368,-0.11557517200708388,1.3664579391479492,0.9029605388641356,0.4405500720599371,1.0483625163627832,0.9239580685318474,0.7966382578015327,0.8284103676676748,2.412870656954568
boltz_results_AcrR_35,0.8753612637519836,-0.4757921099662781,0.9461546540260316,0.9578456282615662,0.9431998133659364,0.47171460390090947,0.8014848232269287,-0.09160849452018738,0.6271814107894897,0.8788996338844299,0.9027358293533324,-0.4622217416763306,0.912175714969635,0.0,0.912175714969635,0.4952067136764527,0.8965126872062683,-0.10556448251008987,1.118943691253662,0.9030963778495787,0.560512039785306,1.0340110988345421,0.8940027672386127,0.783213633298874,0.830516867339611,2.488525905858461
boltz_results_AcrR_353,0.8868228197097778,-0.476594865322113,0.948183298110962,0.962841808795929,0.9444986581802368,0.4793154686689377,0.8267468810081482,-0.09040607511997223,0.6097416877746582,0.8906908631324768,0.9006428122520447,-0.462691217660904,0.9138464331626892,0.0,0.9138464331626892,0.493538048863411,0.8912633657455444,-0.10281357169151305,0.9863954186439514,0.9001445174217224,0.6181513784937297,1.0335419868209856,0.9276123228924281,0.8030053913593291,0.8281777769327165,2.5793056882071435
boltz_results_AcrR_354,0.8863237500190735,-0.4766450524330139,0.9481735825538636,0.9635760188102722,0.9442806243896484,0.4789736777544022,0.8378108143806458,-0.08963195234537125,0.5952480435371399,0.887005090713501,0.902616798877716,-0.4612497091293335,0.9104910492897034,0.0,0.9104910492897034,0.49535652995109564,0.8852209448814392,-0.10315799713134766,1.0045486688613892,0.9026401042938232,0.5925527174425773,1.0371113753686048,0.9464426019572512,0.7997017636895181,0.8335889279842377,2.5761066947684332
boltz_results_AcrR_355,0.8878342509269714,-0.4722565710544586,0.93926340341568,0.9595739245414734,0.9342869520187378,0.4812373131513596,0.8382443785667419,-0.09456471353769302,0.6398200988769531,0.8899985551834106,0.9047895669937134,-0.4676128029823303,0.9238651990890504,0.0,0.9238651990890504,0.4950113624334336,0.8867799043655396,-0.09402324259281157,0.8562825918197632,0.9024448394775392,0.747206710715926,1.011280599096019,0.9452676751470557,0.8044145837426186,0.835820156335831,2.7037549849590006
boltz_results_AcrR_356,0.8861145377159119,-0.4715151190757752,0.9389208555221558,0.9612201452255248,0.9332846999168396,0.48010208606719973,0.8430022597312927,-0.0940471589565277,0.6283124685287476,0.8857378959655762,0.8992938995361328,-0.4620399177074432,0.9130218029022216,0.0,0.9130218029022216,0.4927240580320359,0.8775935769081116,-0.1035550758242607,0.997809648513794,0.8987841606140137,0.6296917147119184,1.0221932235902893,0.960583898871857,0.8002777040004729,0.8259132251143457,2.612468837174065
boltz_results_AcrR_357,0.8804850578308105,-0.4678966999053955,0.9297006726264954,0.9494122266769408,0.9247186183929444,0.4774996429681778,0.8198938369750977,-0.09967964887619017,0.7304003834724426,0.887871503829956,0.9058948755264282,-0.4654052257537842,0.919892191886902,0.0,0.919892191886902,0.49631755053997045,0.8860380053520203,-0.09757748991250992,0.9318692088127136,0.904642641544342,0.7838013924754949,1.0052467305936605,0.9253483846320523,0.7977947980165481,0.8379774764180183,2.714396507701208
boltz_results_AcrR_358,0.8880395293235779,-0.4788685142993927,0.95367830991745,0.9697475433349608,0.9496168494224548,0.47939640879631046,0.8431484699249268,-0.08648288995027542,0.5405545830726624,0.8860175609588623,0.9078564047813416,-0.4681372940540314,0.9265589714050292,0.0,0.9265589714050292,0.4967494279146195,0.8966338038444519,-0.09657686203718185,0.8644652366638184,0.9058141112327576,0.6253051715055588,1.0248854943171732,0.9403487424964364,0.8000625655055047,0.837849383056164,2.5905394083191684
boltz_results_AcrR_359,0.8803374171257019,-0.4687138199806214,0.9315652251243592,0.9510124325752258,0.9266817569732666,0.4771417558193207,0.8292961716651917,-0.09912184625864028,0.7059388160705566,0.8833993077278137,0.9043297171592712,-0.4681162238121032,0.9259410500526428,0.0,0.9259410500526428,0.4944097369909287,0.890144407749176,-0.0942591056227684,0.8076314330101013,0.90107923746109,0.8740853652011428,1.0007999504078382,0.931642286853382,0.7927053973078728,0.833113645017147,2.806527602462363
boltz_results_AcrR_36,0.8962055444717407,-0.4791800081729889,0.9549708366394044,0.9726605415344238,0.9505107402801514,0.484832838177681,0.8603834509849548,-0.08476769924163817,0.4994032979011535,0.8899809122085571,0.8968862891197205,-0.4511184990406036,0.8878193497657776,0.0,0.8878193497657776,0.49453414678573615,0.8976060748100281,-0.11804638803005217,1.3434617519378662,0.901049256324768,0.3717287054735969,1.0706127778482333,0.9585312255903001,0.810866042971611,0.8264185160398483,2.4008727089121304
boltz_results_AcrR_360,0.8801143765449524,-0.4714641273021698,0.937249481678009,0.9501463174819946,0.9339898824691772,0.47620683014392856,0.8367496132850647,-0.09641075879335402,0.6856041550636292,0.8819339275360107,0.9042126536369324,-0.4592505097389221,0.9060497283935548,0.0,0.9060497283935548,0.49706436991691594,0.893252968788147,-0.10346143692731857,1.009634494781494,0.9054245948791504,0.6790617382897642,1.0308373295637547,0.936744284679245,0.7902658715844155,0.8397770181298256,2.646643352532764
boltz_results_AcrR_37,0.8812810182571411,-0.4764899909496308,0.9481198787689208,0.9683629870414734,0.943003475666046,0.4755142003297806,0.8309147357940674,-0.08697222918272017,0.553069531917572,0.8774412274360657,0.9052129983901978,-0.4574370384216308,0.9005419015884399,0.0,0.9005419015884399,0.4985094249248505,0.8996229767799377,-0.11396331340074538,1.2542093992233276,0.9087004065513612,0.44097064833038385,1.0471511364465211,0.9236255156223322,0.7894932076334953,0.8358094796538356,2.411747300399237
boltz_results_AcrR_38,0.8644232153892517,-0.4645611047744751,0.9196395874023438,0.9298760890960692,0.9170523285865784,0.467840525507927,0.7895867824554443,-0.11531950533390045,0.953381597995758,0.8756758570671082,0.9031591415405272,-0.4560518264770508,0.8988237380981445,0.0,0.8988237380981445,0.49733367860317235,0.8972216248512268,-0.1141347661614418,1.2709579467773438,0.9060250520706176,0.7501283582302339,1.0202804951802946,0.8800353899031023,0.7636357724666596,0.8331721380352972,2.650444243313631
boltz_results_AcrR_385,0.8788155913352966,-0.4768790304660797,0.9487106204032898,0.9682262539863586,0.9438791275024414,0.4737380087375641,0.8128409385681152,-0.08518002927303313,0.5421667098999023,0.8769495487213135,0.8898815512657166,-0.4598920345306396,0.9064367413520812,0.0,0.9064367413520812,0.48715846538543706,0.8699238896369934,-0.10343696922063828,1.0314127206802368,0.8882737159729004,0.5256544727723862,1.0413072246988901,0.9343816720647848,0.7886284977197646,0.8121031776070595,2.501343369536061
boltz_results_AcrR_386,0.8770754933357239,-0.475892961025238,0.944691240787506,0.9628275036811828,0.9401073455810548,0.4730943560600281,0.7948060035705566,-0.08858286589384078,0.584863543510437,0.8814221620559692,0.9000019431114197,-0.4543092250823974,0.8936775326728821,0.0,0.8936775326728821,0.4958706587553024,0.8864033222198486,-0.11357586830854415,1.299349069595337,0.9034817218780518,0.45012041582681406,1.051953653539109,0.8966640621112499,0.7900406911969184,0.8314672872424125,2.398738131477173
boltz_results_AcrR_387,0.8842463493347168,-0.4706871211528778,0.9354608654975892,0.9515586495399476,0.9313921928405762,0.47929347157478336,0.8202935457229614,-0.09517151862382887,0.675643801689148,0.887351930141449,0.8878734707832336,-0.4631045460700989,0.9140560626983644,0.0,0.9140560626983644,0.48473032712936404,0.8586354851722717,-0.09772473573684692,0.9576693177223206,0.8835946917533875,0.7055084559836061,1.0189661562891823,0.9553454986295872,0.8007867619395257,0.8074957370758056,2.6798201109023756
boltz_results_AcrR_388,0.8844754099845886,-0.473515659570694,0.9396520256996156,0.9564306735992432,0.935479700565338,0.47887467443943027,0.8082332015037537,-0.09093185514211655,0.630698561668396,0.8941211104393005,0.9008808135986328,-0.4595511853694916,0.9060528874397278,0.0,0.9060528874397278,0.49477326273918154,0.8918741345405579,-0.1048068106174469,1.100785255432129,0.9021437168121338,0.5729533154228218,1.0324780302933119,0.9062189048907768,0.8085482701659203,0.8325589835643767,2.5116502506069107
boltz_results_AcrR_389,0.8769842386245728,-0.4744206070899964,0.9436559081077576,0.9651479125022888,0.9382237195968628,0.4731739848852158,0.8112052083015442,-0.08852696418762207,0.5799664258956909,0.8762878775596619,0.891106128692627,-0.460850477218628,0.9078375101089478,0.0,0.9078375101089478,0.4878078222274781,0.859786331653595,-0.10189878195524214,1.0828514099121094,0.889289379119873,0.5355918832324044,1.0334709781756743,0.943496283246773,0.7865142911672591,0.8143479421734812,2.512559144654852
boltz_results_AcrR_39,0.870339572429657,-0.4686737060546875,0.9316145777702332,0.956571102142334,0.92533278465271,0.47026145160198213,0.8072827458381653,-0.0987161323428154,0.6935659050941467,0.8716351389884949,0.90431147813797,-0.4585730731487274,0.9036037921905518,0.0,0.9036037921905518,0.4974686115980148,0.8988709449768066,-0.10942716896533965,1.1854184865951538,0.9068585634231568,0.5850810603487868,1.0240470354927151,0.8981075095924871,0.774506752192974,0.8363269329071046,2.507235605433989
boltz_results_AcrR_390,0.8706895709037781,-0.4715691804885864,0.9352765083312988,0.9467809200286864,0.9324786067008972,0.4699985355138779,0.7661946415901184,-0.095617838203907,0.7108252048492432,0.8860717415809631,0.9022807478904724,-0.45765820145607,0.90106463432312,0.0,0.90106463432312,0.49642160236835475,0.8873789310455322,-0.10853499174118042,1.187913179397583,0.904299020767212,0.598381445022538,1.0348631731633495,0.8634356922215503,0.7888832584023475,0.8345274299383165,2.496680310407438
boltz_results_AcrR_391,0.8767936825752258,-0.4657337069511414,0.9241207242012024,0.9435881972312928,0.9192003011703492,0.47572905719280245,0.8100046515464783,-0.10110943764448165,0.7530730366706848,0.8825751543045044,0.887769877910614,-0.4563576281070709,0.8978651165962219,0.0,0.8978651165962219,0.4868853211402894,0.8666828274726868,-0.1086740642786026,1.1575952768325806,0.8877111673355103,0.6505495070187639,1.0237621266042813,0.9346033241578279,0.7914610669016837,0.8095647960901262,2.6089149577808732
boltz_results_AcrR_392,0.8709889650344849,-0.4733717441558838,0.9397393465042114,0.9492331147193908,0.9373397827148438,0.46959075331687933,0.7688347101211548,-0.09584341943264008,0.7056348919868469,0.8845616579055786,0.8983839154243469,-0.4593084454536438,0.905692219734192,0.0,0.905692219734192,0.4931062370538712,0.8870242834091187,-0.10452443361282347,1.1136451959609983,0.8981963992118835,0.6336263062473261,1.0349429555549676,0.8667572292003963,0.784937247633934,0.8274697571992875,2.53532649100269
boltz_results_AcrR_4,0.8875722885131836,-0.4743624031543732,0.943191647529602,0.9633541107177734,0.9381072521209716,0.4805171132087708,0.8361480236053467,-0.09245157986879347,0.611700713634491,0.8841831088066101,0.9004139304161072,-0.4521861970424652,0.8909720182418823,0.0,0.8909720182418823,0.49652588367462164,0.9018927812576294,-0.11775439232587814,1.365166187286377,0.90493243932724,0.4480778379447013,1.052903158476401,0.9271035770342834,0.7978862389922141,0.8315177336335182,2.4280845734553855
boltz_results_AcrR_40,0.8670371174812317,-0.4707614779472351,0.93516606092453,0.9472176432609558,0.9323680996894836,0.46750270128250127,0.789207935333252,-0.099190354347229,0.7322073578834534,0.8741476535797119,0.9025529026985168,-0.4583364725112915,0.9042848944664,0.0,0.9042848944664,0.49616593122482305,0.9014968276023864,-0.10935572534799574,1.158616542816162,0.9040053486824036,0.6319669457711453,1.0310557053368175,0.8754417222212784,0.7716985225677491,0.8324790820479393,2.538464373329241
boltz_results_AcrR_417,0.8769585490226746,-0.4734306633472442,0.9425586462020874,0.9606156945228576,0.937994658946991,0.47330718040466313,0.80870521068573,-0.0913964956998825,0.6173121929168701,0.8775374293327332,0.8918394446372986,-0.4619133770465851,0.9094361662864684,0.0,0.9094361662864684,0.4880921125411988,0.8689650893211365,-0.10230697691440582,1.05929696559906,0.8899816274642944,0.5827565007398695,1.031402415825551,0.9306532801191317,0.7860174506902695,0.8138533860445023,2.5448121966845525
boltz_results_AcrR_418,0.8962437510490417,-0.4752081036567688,0.9453588128089904,0.963278353214264,0.9408323764801024,0.48618075847625736,0.8538172245025635,-0.0878702774643898,0.5536183714866638,0.8947543501853943,0.9053745269775392,-0.4603094458580017,0.9090335369110109,0.0,0.9090335369110109,0.49745290875434883,0.8997651934623718,-0.10383827984333037,1.105696678161621,0.9062579274177552,0.5006964228264966,1.0349809311515032,0.9489333780705644,0.8178567275404931,0.8395631104707719,2.4846107320485644
boltz_results_AcrR_419,0.8756829500198364,-0.4738573729991913,0.941734254360199,0.955939531326294,0.9383522272109984,0.47254357635974886,0.799956202507019,-0.09171824902296065,0.6353029608726501,0.878318190574646,0.8890790939331055,-0.4599537253379822,0.9062196016311646,0.0,0.9062196016311646,0.48663666546344764,0.8754028081893921,-0.1035831645131111,1.0667307376861572,0.8863866925239563,0.5955607525200634,1.035457879659628,0.9138149832550568,0.7852861449122428,0.8094864681363108,2.544833615434748
boltz_results_AcrR_420,0.8859699368476868,-0.4652306139469146,0.9217386841773988,0.9466686248779296,0.9154744744300842,0.48236522972583773,0.8361803293228149,-0.10254818946123123,0.7439675331115723,0.8883527517318726,0.8977288603782654,-0.461356371641159,0.9113537073135376,0.0,0.9113537073135376,0.49187744855880744,0.8929504156112671,-0.1019049733877182,1.031506896018982,0.8964179754257202,0.7212433925384845,1.0045215892396968,0.936424144839453,0.8029391780495643,0.8250340789556505,2.6621891266176343
boltz_results_AcrR_421,0.877459704875946,-0.4752040207386017,0.9451577663421632,0.96624356508255,0.9398860931396484,0.4732943624258042,0.8094702363014221,-0.0879179835319519,0.5593456625938416,0.8779674172401428,0.8911525011062622,-0.4575304388999939,0.900395929813385,0.0,0.900395929813385,0.4888628959655762,0.8660145998001099,-0.10788895934820175,1.1521106958389282,0.8915112614631653,0.48549645846881484,1.0438586648591894,0.9347073784763685,0.7881397753953934,0.8149547591805457,2.464062501804373
boltz_results_AcrR_422,0.8664119839668274,-0.4781851768493652,0.9518839120864868,0.9653924703598022,0.9485461115837096,0.464774176478386,0.7563454508781433,-0.08843206614255905,0.5703850984573364,0.8753848671913147,0.9040660858154296,-0.4665964841842652,0.9227012395858764,0.0,0.9227012395858764,0.49467399716377264,0.9005205631256104,-0.09623976796865462,0.9067984819412231,0.9013120532035828,0.6290097632676757,1.0280100111379853,0.8398980343690868,0.7735418006777763,0.8331497982144356,2.496917808774748
boltz_results_AcrR_423,0.8760022521018982,-0.4683161973953247,0.9298142194747924,0.9510561227798462,0.9245380163192748,0.47440208494663244,0.799800455570221,-0.09593578428030013,0.6739392280578613,0.8811098337173462,0.8914074897766113,-0.4606344997882843,0.9080089330673218,0.0,0.9080089330673218,0.4879914373159409,0.8688244819641113,-0.1022421270608902,1.0366618633270264,0.888237476348877,0.6501051614795053,1.0182036570897122,0.9205546945018734,0.7912599369883537,0.8133522868156433,2.588863513071091
boltz_results_AcrR_424,0.8781774640083313,-0.4781917035579682,0.9512915015220642,0.9620966911315918,0.9487622380256652,0.4729444414377213,0.7919207811355591,-0.08685702085494995,0.5653486847877502,0.8845195174217224,0.8999221920967102,-0.458186149597168,0.9026194214820862,0.0,0.9026194214820862,0.49458633661270146,0.8922849893569946,-0.10592242330312727,1.1320126056671145,0.9010608792304992,0.4994190717996294,1.0511210100795452,0.887520008272513,0.7924152344465256,0.8315386429429052,2.4380600901516876
boltz_results_AcrR_449,0.8808990716934204,-0.4771226942539215,0.9490360021591188,0.968780755996704,0.9440454244613647,0.47512562870979314,0.8296766877174377,-0.08604245632886885,0.5409152507781982,0.8782402873039246,0.9002453684806824,-0.463257223367691,0.9158254265785216,0.0,0.9158254265785216,0.4929927110671998,0.8956157565116882,-0.10056118667125702,1.0059860944747925,0.8986082673072815,0.5376965484404638,1.0308137305034997,0.9263757160201436,0.7902007654309273,0.8277825683355333,2.4948859949641067
boltz_results_AcrR_450,0.8813635110855103,-0.4736330211162567,0.9419364333152772,0.9630847573280334,0.9367052912712096,0.4764211624860764,0.8309463858604431,-0.0900435373187065,0.5900484919548035,0.8809099793434143,0.9009634852409364,-0.458193987607956,0.9038159251213074,0.0,0.9038159251213074,0.4951377391815186,0.8877114653587341,-0.10828039050102232,1.2089678049087524,0.9028074145317078,0.48805972297942024,1.0363894519179753,0.9360545833714656,0.7936545833945274,0.8314707756042481,2.460503758268861
boltz_results_AcrR_451,0.8827252388000488,-0.4710936844348908,0.9356590509414672,0.9531330466270448,0.9312852621078492,0.47822049856185916,0.8372809886932373,-0.09423041343688965,0.6530613303184509,0.8837105631828308,0.8981894850730896,-0.4647607505321502,0.917009711265564,0.0,0.917009711265564,0.49141642749309544,0.8838514089584351,-0.0984262004494667,0.9126943349838256,0.8958876729011536,0.7155312630816584,1.015567502357836,0.9473096724255062,0.7966069638729096,0.824117149412632,2.678408437865001
boltz_results_AcrR_452,0.8813948035240173,-0.473541259765625,0.9411696791648864,0.955999195575714,0.937421441078186,0.47654809653759006,0.8182951807975769,-0.0922519862651825,0.6442014575004578,0.8856590390205383,0.902425229549408,-0.4580619633197784,0.9042963981628418,0.0,0.9042963981628418,0.4960765331983567,0.9024670720100404,-0.10472715646028517,1.0752415657043457,0.904337763786316,0.599122539574136,1.036630736319022,0.9067313436433867,0.796413889527321,0.837625177204609,2.5424846195365447
boltz_results_AcrR_453,0.8749662637710571,-0.4667920768260956,0.92700457572937,0.9436853528022766,0.9228121042251588,0.4740761607885361,0.8165799379348755,-0.10185837000608443,0.7606573700904846,0.8816544413566589,0.9004112482070923,-0.4638017117977142,0.915892779827118,0.0,0.915892779827118,0.49309748411178594,0.8882112503051758,-0.09895786643028258,0.9249345660209656,0.8987390995025635,0.8223904674282037,1.0075547318970532,0.9193532930981353,0.7870801553130149,0.8290770053863525,2.7492984924233923
boltz_results_AcrR_454,0.883030891418457,-0.4791503846645355,0.9539440870285034,0.970574676990509,0.9497408270835876,0.4759164094924927,0.8382280468940735,-0.08410673588514328,0.5283862948417664,0.8770726919174194,0.9030370116233826,-0.4582286477088928,0.9038366675376892,0.0,0.9038366675376892,0.4965603709220887,0.9025887250900269,-0.10590188950300215,1.1157715320587158,0.9042547345161438,0.4735613695635683,1.0507881138203372,0.9286932393382891,0.7897319808602332,0.8366845682263375,2.4530427227221945
boltz_results_AcrR_455,0.8859826922416687,-0.4758556187152862,0.94630229473114,0.9641510844230652,0.9417909979820251,0.4789965599775315,0.8395241498947144,-0.08839871734380722,0.5794050097465515,0.8839800357818604,0.8975629210472107,-0.4650380611419678,0.9190383553504944,0.0,0.9190383553504944,0.4907066851854325,0.8856006860733032,-0.09731774032115935,0.8632034063339233,0.8947919607162476,0.6712265098759508,1.0247570109550581,0.9479714312520586,0.7987222597002983,0.8231428444385529,2.6439549520830674
boltz_results_AcrR_456,0.8826525807380676,-0.4738309681415558,0.9424262642860411,0.9586702585220336,0.938320517539978,0.4772400051355362,0.8201178312301636,-0.09063325822353363,0.6235735416412354,0.8864516019821167,0.9051471948623656,-0.459335744380951,0.9072977304458618,0.0,0.9072977304458618,0.49753522574901576,0.9051108360290528,-0.1041615456342697,1.0596996545791626,0.9063830375671388,0.588443658490079,1.0341925104109664,0.9060965779928403,0.7992273807525634,0.840420973300934,2.5287327468938856
boltz_results_AcrR_481,0.883858859539032,-0.4764134883880615,0.9478586912155152,0.9682570695877076,0.9427030682563782,0.47732238769531254,0.8325930833816528,-0.08573011308908463,0.5442745685577393,0.8818919658660889,0.8972879648208618,-0.4663814604282379,0.9224017858505248,0.0,0.9224017858505248,0.4900552302598954,0.8807401061058044,-0.09616588056087493,0.8546510338783264,0.8934424519538879,0.6368383667517165,1.022009153405025,0.9453334503670625,0.7970707520842553,0.8209503412246706,2.604180970523804
boltz_results_AcrR_482,0.8807321786880493,-0.4794746935367584,0.95494282245636,0.969679057598114,0.9512181878089904,0.47419873476028446,0.8166751265525818,-0.08351870626211165,0.5259560346603394,0.880026638507843,0.9026126861572266,-0.464786946773529,0.91850608587265,0.0,0.91850608587265,0.49425165951251987,0.8923428654670715,-0.09695497155189513,0.9035405516624452,0.9007864594459534,0.5821056218147826,1.035614464007891,0.9152032903015551,0.7912319734692574,0.8332962006330491,2.532923376124229
boltz_results_AcrR_483,0.8792980313301086,-0.4747275412082672,0.944881558418274,0.964978039264679,0.9398126602172852,0.4745961576700211,0.8396415114402771,-0.0887506902217865,0.5697121024131775,0.87563157081604,0.8986685872077942,-0.4666228294372558,0.9223448634147644,0.0,0.9223448634147644,0.49101221859455113,0.8795365691184998,-0.09524351358413695,0.8371214866638184,0.8947113156318665,0.6805608403191896,1.0189384659636422,0.9546408198601603,0.7867494970560074,0.8238571912050248,2.654140126142992
boltz_results_AcrR_484,0.8810014128684998,-0.471045732498169,0.9365087151527404,0.9583415985107422,0.93099045753479,0.4769185066223145,0.8344512581825256,-0.09289587289094925,0.6383970379829407,0.8822870254516602,0.8986241221427917,-0.4587084650993347,0.9058295488357544,0.0,0.9058295488357544,0.4932525455951691,0.9001400470733643,-0.10586552321910858,1.076983094215393,0.8991631269454956,0.5927642146026698,1.027776648191014,0.9270238124562802,0.7952639266848565,0.8278416842222214,2.547564675249964
boltz_results_AcrR_485,0.8751612901687622,-0.473393440246582,0.9406673908233644,0.9620012044906616,0.9352752566337584,0.47233160436153415,0.8190537095069885,-0.09036026895046233,0.6024721264839172,0.8747121095657349,0.8962068557739258,-0.4600744545459748,0.9076164960861206,0.0,0.9076164960861206,0.49134492874145513,0.8813503980636597,-0.1034761369228363,1.039054036140442,0.8956900238990784,0.5798275215038818,1.0304740610895786,0.92931677492455,0.7832900047302247,0.8234843611717224,2.5396183575180102
boltz_results_AcrR_486,0.8778857588768005,-0.4721270203590393,0.9387918710708618,0.95583975315094,0.9344829320907592,0.4744625359773636,0.8134222626686096,-0.09319472312927245,0.6494046449661255,0.8827934265136719,0.9002330899238586,-0.4532215893268585,0.8929848670959473,0.0,0.8929848670959473,0.4961248219013214,0.9058605432510376,-0.11501932144165038,1.279877781867981,0.9041410088539124,0.5073958265126844,1.0464711850378459,0.8979552854232101,0.7919342190027236,0.8320249199867249,2.45182229697374
boltz_results_AcrR_487,0.8841165900230408,-0.4724580347537994,0.9391933679580688,0.9571100473403932,0.9346649646759032,0.47869105935096745,0.8364706039428711,-0.09227535128593445,0.629422664642334,0.8854047060012817,0.8981267213821411,-0.4656908512115478,0.9204513430595398,0.0,0.9204513430595398,0.490900069475174,0.875840961933136,-0.09706316888332367,0.9126078486442566,0.8946850895881653,0.6896967471596763,1.0154420130119186,0.9550485080038189,0.7993623793125153,0.8228311389684677,2.660187268175414
boltz_results_AcrR_488,0.8844972848892212,-0.4732661843299866,0.9409531354904176,0.9611531496047974,0.935951828956604,0.47871079444885256,0.8465538620948792,-0.09064986556768417,0.6023947596549988,0.8832138776779175,0.9037629961967468,-0.468255341053009,0.9261897802352904,0.0,0.9261897802352904,0.49398595690727237,0.8865489363670349,-0.0933156907558441,0.787838876247406,0.899924099445343,0.7646166974195217,1.0105400091100483,0.9548867833105181,0.7980086222290992,0.8323390245437623,2.730043489840088
boltz_results_AcrR_5,0.8908368349075317,-0.4660416841506958,0.9246655702590942,0.9423485994338988,0.9201961159706116,0.485308775305748,0.8543692231178284,-0.10765846073627472,0.8341196179389954,0.8936712145805359,0.9082939028739928,-0.4583803117275238,0.9027373790740968,0.0,0.9027373790740968,0.5003256767988206,0.9045137763023376,-0.110813207924366,1.2055693864822388,0.9116101264953612,0.6918885194761738,1.0193397740042862,0.9445618690413973,0.8052798449993133,0.842742283642292,2.6557901625218574
boltz_results_AcrR_513,0.8782192468643188,-0.4568654000759125,0.903714120388031,0.9176706671714784,0.9001865386962891,0.47951504886150365,0.8311891555786133,-0.12387096136808395,1.0814051628112793,0.8902737498283386,0.903796374797821,-0.4568028748035431,0.899730920791626,0.0,0.899730920791626,0.49764704704284674,0.8980134129524231,-0.11178040504455565,1.2388921976089478,0.9066041111946106,0.872880759842045,1.000506393516255,0.92558657096879,0.7890524372458458,0.8356678783893585,2.79897372432709
boltz_results_AcrR_514,0.8891311883926392,-0.4806098639965058,0.9569545984268188,0.9766221046447754,0.9519836902618408,0.4796964019536972,0.8434478044509888,-0.082172691822052,0.4743082225322723,0.8835087418556213,0.9053203463554382,-0.4560543596744538,0.89908766746521,0.0,0.89908766746521,0.49878319203853605,0.9092797040939332,-0.11535488069057465,1.2974154949188232,0.9095458984375,0.3655792800300638,1.0588329978385314,0.9275999460380084,0.8004225879907607,0.8369198501110078,2.3520122239066037
boltz_results_AcrR_515,0.8764880299568176,-0.4662116169929504,0.9272837042808532,0.9524418711662292,0.9209250211715698,0.4750839948654175,0.8240149617195129,-0.10466659069061278,0.7443045377731323,0.8794772624969482,0.908084511756897,-0.4599619507789612,0.9069815278053284,0.0,0.9069815278053284,0.49959813356399546,0.9053493738174438,-0.109984390437603,1.1526046991348269,0.9109156131744384,0.6457587222504172,1.015373514166249,0.9101624031008262,0.7836830496788025,0.8405674055218697,2.5712946395174923
boltz_results_AcrR_516,0.8731932640075684,-0.4671863913536072,0.9280024170875548,0.954363226890564,0.9213398694992064,0.47272004485130314,0.7993274331092834,-0.09893512725830078,0.6882051229476929,0.8821221590042114,0.9101086854934692,-0.4612549543380738,0.9101022481918336,0.0,0.9101022481918336,0.5005606621503831,0.8965619802474976,-0.10717705637216568,1.1385210752487185,0.9114103317260742,0.6044728884771406,1.0123476470140573,0.8915473226832881,0.7887206852436066,0.8435389831662179,2.508367858174486
boltz_results_AcrR_517,0.8740876317024231,-0.4723387956619262,0.9389636516571044,0.9591078758239746,0.9338721036911012,0.4718277364969254,0.8141107559204102,-0.094640351831913,0.6582012176513672,0.8742819428443909,0.9053159952163696,-0.4621607065200806,0.9122025966644288,0.0,0.9122025966644288,0.4969769060611725,0.8799253106117249,-0.10701563209295273,1.1664289236068726,0.9055725336074828,0.5642874626394331,1.023755147273105,0.9252043850795014,0.779130531847477,0.833373101055622,2.5132469949920395
boltz_results_AcrR_518,0.8810057044029236,-0.4699206352233886,0.9335789680480956,0.944208562374115,0.9310725331306458,0.4773243218660355,0.816303014755249,-0.10605865716934203,0.8144146203994751,0.8874515295028687,0.9052373766899108,-0.4547378122806549,0.8946483135223389,0.0,0.8946483135223389,0.4993365943431855,0.8914828300476074,-0.11532144248485565,1.3518075942993164,0.9097357988357544,0.6024634155289025,1.040713450254995,0.9156688017330142,0.7887965589761734,0.8390131384134294,2.558845667516912
boltz_results_AcrR_519,0.8744013905525208,-0.4656630456447602,0.9234277009963988,0.9343730211257936,0.9206612706184388,0.4741796553134919,0.8029710650444031,-0.10957010090351105,0.8741828799247742,0.8830872774124146,0.9048603177070618,-0.4556359946727752,0.897100031375885,0.0,0.897100031375885,0.4987402141094208,0.9039608836174012,-0.1148078143596649,1.313979148864746,0.9093042612075806,0.6652943318621548,1.0262637815388524,0.8882807647949712,0.7820337861776352,0.8376006662845612,2.5798388781959787
boltz_results_AcrR_520,0.8820385336875916,-0.4653948545455932,0.924963116645813,0.9476964473724364,0.91921728849411,0.47921902239322667,0.8392007350921631,-0.10601254552602768,0.7662007808685303,0.8871393799781799,0.9074873924255372,-0.4552517533302307,0.8964546918869019,0.0,0.8964546918869019,0.5006350785493852,0.902029037475586,-0.11713312566280365,1.349555492401123,0.9120554327964784,0.5677430718356822,1.0253917981725282,0.9303478050338003,0.7949510022997857,0.8403056323528291,2.5234826750420107
boltz_results_AcrR_545,0.8772368431091309,-0.455707311630249,0.9012330770492554,0.909923255443573,0.8990365266799927,0.47918076515197755,0.8416928052902222,-0.12666237354278564,1.106796145439148,0.8846787214279175,0.9025110602378844,-0.4580289125442505,0.9024534225463868,0.0,0.9024534225463868,0.49638901650905615,0.8972849249839783,-0.11131050437688828,1.2159875631332395,0.904938280582428,0.9102035078280425,0.9962137703940964,0.93804407257288,0.7814898014068603,0.8319878801703453,2.8444613507950187
boltz_results_AcrR_546,0.8846457600593567,-0.4603708386421204,0.9136508703231812,0.930532157421112,0.9098326563835144,0.4825669407844544,0.8454012274742126,-0.11288260668516158,0.8905097246170044,0.8904159665107727,0.9023000597953796,-0.4493204355239868,0.8830215334892273,0.0,0.8830215334892273,0.4989158302545547,0.9046157598495485,-0.12185965478420258,1.5012166500091553,0.9091236591339112,0.5931920117003588,1.0303629321341055,0.9345417855806711,0.7997294619679451,0.8368593990802766,2.5580967294151353
boltz_results_AcrR_547,0.8754492998123169,-0.4717254638671875,0.937566876411438,0.9536405801773072,0.9335042238235474,0.47295591533184056,0.8073882460594177,-0.09807439893484116,0.697970449924469,0.8784481287002563,0.9045565724372864,-0.4666443765163422,0.9229646921157836,0.0,0.9229646921157836,0.4949749737977982,0.8960520029067993,-0.09993262588977812,0.9765534996986388,0.9026393294334412,0.7147283278794868,1.0114192144052696,0.9010506571496345,0.7816041812300683,0.8310373008251191,2.6271981994343907
boltz_results_AcrR_548,0.8877558708190918,-0.4736606180667877,0.9424879550933838,0.9629433155059814,0.9373179078102112,0.48074006736278535,0.8454784154891968,-0.091740682721138,0.607588529586792,0.8858436346054077,0.9034855961799622,-0.4596159756183624,0.9067009687423706,0.0,0.9067009687423706,0.4964749723672867,0.9046579599380492,-0.10913501679897307,1.160762906074524,0.9050799012184144,0.5234389610549661,1.03376740526737,0.9345835143561827,0.8011824011802673,0.8328038811683656,2.491789880678519
boltz_results_AcrR_549,0.8712973594665527,-0.4667994379997254,0.9279210567474364,0.9489415884017944,0.9226080775260924,0.4714277893304825,0.7954160571098328,-0.102828748524189,0.7473880052566528,0.8774211406707764,0.9052532315254213,-0.4571884572505951,0.9003316164016724,0.0,0.9003316164016724,0.49856597483158116,0.8994123935699463,-0.11172635853290558,1.2601170539855957,0.9089213609695436,0.5931099836263276,1.024742506781503,0.884373022649453,0.7792207434773446,0.8385725200176242,2.5022255130572835
boltz_results_AcrR_550,0.8858451247215271,-0.4752418994903564,0.9459708333015442,0.9649214744567872,0.9413377642631532,0.47894748449325564,0.8370373249053955,-0.09117664396762848,0.6170333623886108,0.8828878998756409,0.9021854400634766,-0.4563024044036865,0.8991479873657227,0.0,0.8991479873657227,0.49661967456340794,0.8964016437530518,-0.1134209707379341,1.2664891481399536,0.9046266674995422,0.4871998811003041,1.0469219499907194,0.9337748661424695,0.7954168409109115,0.8315229669213295,2.467896697233493
boltz_results_AcrR_551,0.8725804686546326,-0.4743368327617645,0.942663550376892,0.9537692666053772,0.9398566484451294,0.4702828258275986,0.806734561920166,-0.09384938329458235,0.6542102098464966,0.875518798828125,0.9014148712158204,-0.4543429017066956,0.8935368657112122,0.0,0.8935368657112122,0.4968614131212235,0.8860836029052734,-0.11923346668481825,1.4350641965866089,0.9063852429389954,0.45587522244828976,1.0518386924047605,0.9104497129560468,0.7776154085993767,0.829670287668705,2.418163627809097
boltz_results_AcrR_552,0.8859756588935852,-0.474299818277359,0.942673683166504,0.959874391555786,0.9383609294891356,0.4794905930757523,0.8380986452102661,-0.0926632508635521,0.6304077506065369,0.8859401941299438,0.9051542282104492,-0.4548660814762116,0.8950681686401367,0.0,0.8950681686401367,0.49922169148921963,0.904826045036316,-0.11480850726366043,1.2687443494796753,0.9098592400550842,0.496875316816247,1.0483681158215836,0.9262538913506057,0.798467718064785,0.8394063428044318,2.4714973239884364
boltz_results_AcrR_577,0.8709586262702942,-0.4734244644641876,0.9416433572769164,0.9604791402816772,0.9368826150894164,0.4693080693483353,0.8106122016906738,-0.09382888674736023,0.640737771987915,0.8712587952613831,0.9018311500549316,-0.4644279181957245,0.9184776544570924,0.0,0.9184776544570924,0.49371825456619267,0.8912301063537598,-0.10322684794664383,0.9934005737304688,0.9002719521522522,0.644994364742295,1.020038550249982,0.9095431089139105,0.7733135133981706,0.8263354405760766,2.5745760239061877
boltz_results_AcrR_578,0.87298983335495,-0.4758225977420807,0.946519136428833,0.9646305441856384,0.9419811367988586,0.4700341701507569,0.8150439262390137,-0.09046845138072968,0.5981076955795288,0.8686462640762329,0.9034863710403442,-0.45011427998542786,0.8857696056365967,0.0,0.8857696056365967,0.4993535429239274,0.901438057422638,-0.12301205843687057,1.47962486743927,0.9097062349319458,0.40422928050313917,1.063460668332442,0.9041596585896987,0.7723893851041794,0.8359334394335747,2.37184960742528
boltz_results_AcrR_579,0.8746671676635742,-0.4731762111186981,0.9403324127197266,0.9578967094421388,0.9358929991722108,0.47203800380229954,0.8197542428970337,-0.09547073394060135,0.6585283875465393,0.8742959499359131,0.900033175945282,-0.4653566777706146,0.9202154278755188,0.0,0.9202154278755188,0.4922432035207749,0.8859429359436035,-0.10216351598501205,0.93873393535614,0.8974697589874268,0.7015069581954599,1.017036849004897,0.9252901170479187,0.7776870086789132,0.822192768752575,2.643833924248276
boltz_results_AcrR_580,0.8791740536689758,-0.4710732698440552,0.9353632926940918,0.9510139226913452,0.9314075708389282,0.4758197009563446,0.8315309882164001,-0.09782807528972624,0.6941044330596924,0.8790622353553772,0.9006348848342896,-0.4575028419494629,0.9018181562423706,0.0,0.9018181562423706,0.49518648684024813,0.8916138410568237,-0.10895412415266037,1.1014991998672483,0.9024900794029236,0.6301451995093099,1.0328108437291268,0.9326133690688249,0.7859805911779403,0.8312196001410483,2.5955694123072615
boltz_results_AcrR_581,0.8698030710220337,-0.4672384858131408,0.9275244474411012,0.953380286693573,0.9210623502731324,0.4704549998044968,0.8107072114944458,-0.10053154081106185,0.727435290813446,0.8728689551353455,0.8995992541313171,-0.462897926568985,0.9143136143684388,0.0,0.9143136143684388,0.49275634884834296,0.8743104934692383,-0.10500721633434296,1.052366018295288,0.8983089923858643,0.6912379135842941,1.0073812046530175,0.9272532098723687,0.7755539283156394,0.8231601983308794,2.62587232810968
boltz_results_AcrR_582,0.8682862520217896,-0.4709223210811615,0.9360976219177246,0.9520549774169922,0.932064414024353,0.4682333588600159,0.8063521981239319,-0.09955259412527084,0.7201390266418457,0.8693004846572876,0.9006561636924744,-0.4591562151908874,0.9059354662895204,0.0,0.9059354662895204,0.49463495314121253,0.8937613368034363,-0.11032608151435852,1.1306463479995728,0.901751697063446,0.6369268586202675,1.0288419525530335,0.9022008056511756,0.7670589283108711,0.8269043534994127,2.5679696168244766
boltz_results_AcrR_583,0.8727750182151794,-0.4690044820308686,0.931839108467102,0.9512684941291808,0.9270118474960328,0.4719049066305161,0.8109932541847229,-0.09990940988063812,0.7096502780914307,0.8760684728622437,0.9007490277290344,-0.4615514874458313,0.911895990371704,0.0,0.911895990371704,0.49387924969196323,0.8910630941390991,-0.10463683307170868,1.0213454961776731,0.9000334739685059,0.6948190213275097,1.016576295195867,0.9101412229043828,0.7790594875812531,0.8277244031429292,2.6215365394277597
boltz_results_AcrR_584,0.8742327094078064,-0.4671480357646942,0.9277594089508056,0.9493003487586976,0.9223149418830872,0.47346804440021517,0.8179844617843628,-0.10292435437440872,0.732962965965271,0.8779008984565735,0.904242217540741,-0.4666992723941803,0.9231762886047364,0.0,0.9231762886047364,0.49472979307174686,0.8915402889251709,-0.09999693185091017,0.9274039268493652,0.9011359810829164,0.7903384326345682,0.9990669748212976,0.9174957900898836,0.7812965527176856,0.8291695699095727,2.7069011975457493
boltz_results_AcrR_6,0.8764915466308594,-0.473790317773819,0.9409304857254028,0.9559377431869508,0.937250316143036,0.47320998013019566,0.7758218050003052,-0.09457222372293472,0.6627688407897949,0.8889860510826111,0.9067625403404236,-0.4596246480941772,0.9063159823417664,0.0,0.9063159823417664,0.4987807661294938,0.9037155508995056,-0.11092673242092133,1.2074496746063232,0.9092531204223632,0.5488997634670646,1.0341319522153196,0.8584800872665049,0.793833489716053,0.8374825060367583,2.441511802948889
boltz_results_AcrR_609,0.8709222078323364,-0.4720403552055359,0.938608944416046,0.9604434370994568,0.9330901503562928,0.46970027983188634,0.808700442314148,-0.09564720839262007,0.6560156941413879,0.870402455329895,0.8983554840087891,-0.4631319046020508,0.9145614504814148,0.0,0.9145614504814148,0.49186722040176395,0.8819326758384705,-0.10571363568305968,1.0608829259872437,0.8969560265541077,0.6183676615691673,1.0202596554502978,0.916963918527342,0.7724151715636254,0.8199777066707612,2.555591235546807
boltz_results_AcrR_610,0.8703594207763672,-0.4749350547790528,0.945656716823578,0.9676498174667358,0.9401670098304749,0.46834429502487185,0.8112226724624634,-0.09104201197624205,0.587925136089325,0.8681008815765381,0.9003613591194153,-0.4583605527877808,0.9045620560646056,0.0,0.9045620560646056,0.49462115168571474,0.8916381597518921,-0.10731185227632523,1.1280946731567385,0.9007758498191832,0.5211664854724813,1.0393615380251218,0.9098115234190906,0.770468109846115,0.829724596440792,2.4703395469166938
boltz_results_AcrR_611,0.8765641450881958,-0.4695318341255188,0.9325972199440002,0.9540497660636902,0.927235782146454,0.47440569102764135,0.8280969262123108,-0.0991082638502121,0.6881858110427856,0.8785876035690308,0.9003836512565613,-0.4662715494632721,0.9222634434700012,0.0,0.9222634434700012,0.49220255315303807,0.8900542855262756,-0.0996413081884384,0.9460020661354064,0.897642970085144,0.7274675560214706,1.00539145155504,0.9303892354415996,0.7843531966209412,0.8239326655864716,2.66324824301811
boltz_results_AcrR_612,0.8756322860717773,-0.4787208437919616,0.9531617164611816,0.9690183401107788,0.9491539597511292,0.4709374606609345,0.8321855068206787,-0.08625666797161102,0.5477611422538757,0.8680451512336731,0.90096777677536,-0.4620496332645416,0.912716269493103,0.0,0.912716269493103,0.4939168512821198,0.8862732648849487,-0.1048709973692894,1.0121614933013916,0.9006657600402832,0.5411795902916935,1.0399222534712376,0.9389716916810174,0.7740051001310349,0.8276619806885721,2.5200735354439483
boltz_results_AcrR_613,0.8626033663749695,-0.4676792025566101,0.9276723265647888,0.9434651136398317,0.9239635467529296,0.46548490226268774,0.7713134288787842,-0.10411342233419417,0.8045428395271301,0.8735403418540955,0.8980780839920044,-0.4628633856773376,0.9133855104446412,0.0,0.9133855104446412,0.4918381750583649,0.8829059600830078,-0.10568373650312422,1.0690451860427856,0.8962510228157043,0.7525807608799526,1.0115811299690303,0.8736076816224776,0.7672326192259789,0.8195420756936074,2.6377695724714605
boltz_results_AcrR_614,0.8662016987800598,-0.4752499759197235,0.9456057548522948,0.962090790271759,0.9414390921592712,0.46549286842346194,0.7994460463523865,-0.09288233518600462,0.6365921497344971,0.8657870888710022,0.8979938626289368,-0.4587242603302002,0.9046189785003662,0.0,0.9046189785003662,0.4929856628179551,0.8869657516479492,-0.10816767811775208,1.0835487842559814,0.8981044888496399,0.5875066808105118,1.0407023448921486,0.9013268492803083,0.7631476461887359,0.8241982132196428,2.529535874982969
boltz_results_AcrR_615,0.8557657599449158,-0.4704743027687073,0.9344393014907836,0.9446843266487122,0.9321250319480896,0.4598535478115082,0.7632738351821899,-0.09928423166275024,0.7380481362342834,0.8646529316902161,0.8990732431411743,-0.4634517729282379,0.9160177111625672,0.0,0.9160177111625672,0.49216039478778845,0.883232057094574,-0.1023135557770729,0.9802004098892212,0.8975551128387451,0.7529563636049643,1.017584071344079,0.8641826675687121,0.7547479450702668,0.8239501789212227,2.6347231025177553
boltz_results_AcrR_616,0.873141884803772,-0.4764260649681092,0.9475422501564026,0.9644434452056884,0.9432704448699952,0.46999797821044925,0.8218344449996948,-0.08961106091737747,0.5885911583900452,0.8704209327697754,0.9010586738586426,-0.4605891406536102,0.9093565344810486,0.0,0.9093565344810486,0.49444130659103397,0.8933840990066528,-0.10640817135572432,1.0496724843978882,0.9012795686721802,0.5607379131479017,1.0372944044530352,0.9199116549236621,0.7743817850947381,0.8287235632538796,2.5179439725245993
boltz_results_AcrR_641,0.873482882976532,-0.4679347276687622,0.92678701877594,0.9386810064315796,0.9242735505104064,0.47308629155159,0.792739987373352,-0.10418090969324112,0.8140741586685181,0.8818560838699341,0.8883712887763977,-0.460166335105896,0.9068039059638976,0.0,0.9068039059638976,0.48606972396373754,0.8697298169136047,-0.1080721989274025,1.1860142946243286,0.8868140578269958,0.6863948962152914,1.0192650742146276,0.9114784522238583,0.7828267380595206,0.8046452477574348,2.617138422653777
boltz_results_AcrR_642,0.8752302527427673,-0.4781734645366668,0.9511200189590454,0.9625558257102966,0.9487600922584534,0.4709417879581452,0.7899813055992126,-0.0906604453921318,0.6101225018501282,0.8792528510093689,0.8954696655273438,-0.4560722410678864,0.8988571166992188,0.0,0.8988571166992188,0.4920425415039063,0.8754711151123047,-0.11141768097877502,1.2802391052246094,0.8969202041625977,0.4765691809914573,1.055518251602088,0.9023499370368998,0.7813607290387155,0.8214728236198425,2.434437369630445
boltz_results_AcrR_643,0.8724943399429321,-0.4675303399562836,0.928659737110138,0.9510322213172911,0.9230051040649414,0.47214913666248326,0.8169674277305603,-0.09980640560388565,0.7047514915466309,0.8743705749511719,0.8896400332450867,-0.4611422419548034,0.9094794988632202,0.0,0.9094794988632202,0.4865741163492203,0.8683735132217407,-0.1039997935295105,1.0803687572479248,0.8871409296989441,0.6523249462913738,1.0148718087858244,0.940801873032194,0.7791829660534859,0.8085730105638504,2.6079986281093923
boltz_results_AcrR_644,0.8704549074172974,-0.4680298566818238,0.928517997264862,0.9458995461463928,0.924234926700592,0.4707665324211121,0.8158218264579773,-0.10012588649988174,0.7364205121994019,0.8697187900543213,0.8989824652671814,-0.4636676609516144,0.9154812097549438,0.0,0.9154812097549438,0.4921717375516892,0.8874520063400269,-0.10159911215305327,1.020488977432251,0.89634108543396,0.7216349499946382,1.009561875058027,0.9192855733376927,0.7723295792937279,0.8232460498809815,2.650482398390358
boltz_results_AcrR_645,0.8744919896125793,-0.474092423915863,0.9432997703552246,0.9649145603179932,0.9378367066383362,0.4715095162391663,0.8140952587127686,-0.09023131430149077,0.5912488698959351,0.8701311349868774,0.8920507431030273,-0.4599769115447998,0.906841516494751,0.0,0.906841516494751,0.4885942101478577,0.8710633516311646,-0.10756030678749084,1.172889232635498,0.8906376957893372,0.5040960846467921,1.0341792800393526,0.9345993689073053,0.7773169130086899,0.8116946876049043,2.47287473359345
boltz_results_AcrR_646,0.8731086850166321,-0.4727334380149842,0.9389196038246156,0.9614059925079346,0.9333927631378174,0.47116077542304996,0.8082432746887207,-0.09317581355571747,0.6244608163833618,0.8707956075668335,0.8973326683044434,-0.4561837911605835,0.8980564475059509,0.0,0.8980564475059509,0.4934334397315979,0.8815613389015198,-0.11142437160015105,1.2424122095108032,0.8986572623252869,0.5026196713160456,1.0393475440547209,0.9168315794064223,0.7760471314191819,0.8244825392961501,2.4587987947771888
boltz_results_AcrR_647,0.87018221616745,-0.472731351852417,0.9393556118011476,0.963031530380249,0.933371603488922,0.46908888518810277,0.7982120513916016,-0.09088587015867232,0.6064624190330505,0.8697574734687805,0.8915834426879883,-0.4668121337890625,0.9226964116096495,0.0,0.9226964116096495,0.4860928356647492,0.86212158203125,-0.0978233516216278,0.981625199317932,0.8857516646385193,0.6178146398996706,1.0115695604154886,0.9258694690265487,0.775229136645794,0.8072090148925781,2.555253669341708
boltz_results_AcrR_648,0.8632429242134094,-0.4764796197414398,0.946784257888794,0.9642261862754822,0.9428753852844238,0.4632966995239258,0.7568284273147583,-0.08823482692241667,0.572672963142395,0.8711021542549133,0.8963225483894348,-0.4581882357597351,0.902559757232666,0.0,0.902559757232666,0.49211977720260625,0.8737207651138306,-0.10962501168251038,1.2177155017852783,0.8974008560180664,0.47028469482634155,1.0446680984042203,0.8662131627559027,0.7696844071149826,0.8217073857784272,2.3811659559864644
boltz_results_AcrR_65,0.8779246211051941,-0.4680571854114532,0.9303438067436218,0.953255295753479,0.9245529174804688,0.4756509363651276,0.820678174495697,-0.10027801245450972,0.7295415997505188,0.8825286030769348,0.9030162692070008,-0.4640395939350128,0.9163910746574402,0.0,0.9163910746574402,0.49481994509696964,0.8927249312400818,-0.1024385616183281,0.9889414310455322,0.9020446538925172,0.7376995005449718,1.0089065062381577,0.9192956819920949,0.7898443415760994,0.8303864434361459,2.6659016887752243
boltz_results_AcrR_66,0.8784676790237427,-0.4729408025741577,0.9406841993331908,0.9599756002426147,0.9358083605766296,0.47460245192050937,0.8316885232925415,-0.09219954162836075,0.6255295872688293,0.8773354887962341,0.9061004519462584,-0.4650380909442902,0.9199007749557496,0.0,0.9199007749557496,0.4964577287435532,0.8955228924751282,-0.09897242486476898,0.9634380340576172,0.9040259718894958,0.6492681056345139,1.0172927190127057,0.9287183278965037,0.7867975965142251,0.8364731848239899,2.595279152543723
boltz_results_AcrR_67,0.8752632141113281,-0.464862734079361,0.9233719110488892,0.9458147883415222,0.91769939661026,0.47477980554103855,0.8269098401069641,-0.10444629192352295,0.7769848704338074,0.8786057233810425,0.8994113802909851,-0.4639268815517426,0.9168698787689208,0.0,0.9168698787689208,0.4922757238149643,0.890458345413208,-0.10377085953950882,0.9925960302352904,0.8977242112159729,0.7827805539879367,1.0009047279887229,0.9286339382031903,0.7840765029191972,0.8223021939396857,2.71231922017985
boltz_results_AcrR_673,0.8864812254905701,-0.4750710129737854,0.94476580619812,0.9646888375282288,0.9397302269935608,0.47955051958560946,0.8345486521720886,-0.0885995551943779,0.5792517066001892,0.8845179080963135,0.8907396197319031,-0.4605017006397248,0.9075690507888794,0.0,0.9075690507888794,0.4875927686691285,0.8574161529541016,-0.10778646916151045,1.1945106983184814,0.8888388276100159,0.48492801899188065,1.035436616284707,0.9733297527656479,0.8003978595137595,0.8081434264779093,2.4936943880422353
boltz_results_AcrR_674,0.8801576495170593,-0.4767534136772156,0.946554958820343,0.957848846912384,0.9442060589790344,0.4749570608139038,0.8139315843582153,-0.0916827991604805,0.6299650073051453,0.8825476765632629,0.8976808786392212,-0.458166092634201,0.9036230444908142,0.0,0.9036230444908142,0.4929074108600617,0.8935725092887878,-0.1088416501879692,1.1717437505722046,0.8990740776062012,0.5376303539041798,1.044911442592844,0.9108735730982142,0.7890685245394706,0.8249737456440926,2.493415369595238
boltz_results_AcrR_675,0.8731834292411804,-0.4720194041728974,0.93846333026886,0.9558166265487672,0.934077262878418,0.4712749242782593,0.8058115839958191,-0.09428878873586655,0.6450461149215698,0.8757762312889099,0.8902119994163513,-0.460783064365387,0.9089473485946656,0.0,0.9089473485946656,0.4870404481887818,0.8764427900314331,-0.10650709271430968,1.0931953191757202,0.8876394629478455,0.5900556868537827,1.027647271673773,0.919411504277329,0.7807429626584053,0.8073897540569306,2.537114462804885
boltz_results_AcrR_676,0.8878749012947083,-0.4727993905544281,0.939850389957428,0.9586958885192872,0.9350872039794922,0.4811845660209656,0.8366625308990479,-0.0930931568145752,0.6377509236335754,0.8892306685447693,0.8987932205200195,-0.4623425304889679,0.912900686264038,0.0,0.912900686264038,0.49239652752876284,0.8791476488113403,-0.1039055585861206,1.065928936004639,0.897621750831604,0.5983052923059028,1.0243033202288965,0.951674649906947,0.8045226871967315,0.8237701892852782,2.5742832624417464
boltz_results_AcrR_677,0.8685857653617859,-0.4737892746925354,0.9410916566848756,0.9654462337493896,0.9349688291549684,0.46775263547897344,0.7937859892845154,-0.08999109268188475,0.5911014676094055,0.8681825399398804,0.8913467526435852,-0.4567314386367798,0.8989896774291992,0.0,0.8989896774291992,0.48918983638286595,0.8741590976715088,-0.11053213477134705,1.1991676092147827,0.89166259765625,0.4929264792237508,1.0400217629068413,0.9080566585635468,0.7721548080444336,0.8135888606309891,2.4410049006941392
boltz_results_AcrR_678,0.8849865198135376,-0.4725691974163056,0.93747216463089,0.959592342376709,0.931881308555603,0.4795257687568665,0.8431821465492249,-0.0914958193898201,0.6171115040779114,0.8809753656387329,0.8999463319778442,-0.4563241600990296,0.8990732431411743,0.0,0.8990732431411743,0.4950905323028565,0.8986266851425171,-0.11310083419084548,1.289698600769043,0.902139127254486,0.4784928073194232,1.036490981869068,0.9383008099915272,0.7964361175894736,0.8278046652674673,2.4532845991800185
boltz_results_AcrR_679,0.8730801939964294,-0.4783872663974762,0.9514714479446412,0.9680340886116028,0.9472851753234864,0.46941526830196384,0.8036571145057678,-0.08457035571336745,0.5278304815292358,0.8708186745643616,0.891225278377533,-0.4597957730293274,0.9066232442855836,0.0,0.9066232442855836,0.48805664181709296,0.861490786075592,-0.10864517837762833,1.1831965446472168,0.8893256187438965,0.4461054960962672,1.0448498660211876,0.9328679162858167,0.7772763207554818,0.8089413091540338,2.4238232784032716
boltz_results_AcrR_68,0.8725374341011047,-0.4674316346645355,0.928455412387848,0.947498083114624,0.9236423373222352,0.47220683395862584,0.8244367837905884,-0.1051909402012825,0.7768955230712891,0.8740327954292297,0.8984033465385437,-0.4622001647949219,0.9129247069358826,0.0,0.9129247069358826,0.4921251863241196,0.886987030506134,-0.1038103699684143,1.0002988576889038,0.8965098857879639,0.77666341123915,1.0117398842477656,0.929480088699997,0.7736170545220376,0.8226245373487473,2.7178833841869126
boltz_results_AcrR_680,0.8800747990608215,-0.4723312854766846,0.9398682713508606,0.9598888754844666,0.9349581003189088,0.4758195042610169,0.8186179995536804,-0.09407779574394225,0.6382331252098083,0.8826615214347839,0.8972705006599426,-0.4569388031959534,0.8998274803161621,0.0,0.8998274803161621,0.49314718246459965,0.8782046437263489,-0.11259693652391432,1.264829397201538,0.8982837796211243,0.5046001671228647,1.0390415060344715,0.9321494772336505,0.792071944475174,0.8218952223658562,2.475791150390987
boltz_results_AcrR_69,0.8675476312637329,-0.476569265127182,0.947678804397583,0.9606544971466064,0.9445773363113404,0.4661331444978714,0.7887144684791565,-0.0896005555987358,0.6178482174873352,0.8690898418426514,0.9019104242324828,-0.4689079523086548,0.9281409382820128,0.0,0.9281409382820128,0.492443996667862,0.8869127035140991,-0.09780406951904297,0.8966977596282959,0.8975372314453125,0.6890261638921112,1.017708946294031,0.8892808337890927,0.7690531656146049,0.8232692062854767,2.596015943975235
boltz_results_AcrR_7,0.8741950988769531,-0.4697246253490448,0.9343555569648744,0.9563533067703248,0.9287955164909364,0.47253524959087373,0.8177400231361389,-0.09669788181781767,0.6732077598571777,0.8749344944953918,0.904357612133026,-0.4578055441379547,0.9015058875083924,0.0,0.9015058875083924,0.4977887988090516,0.9005224108695984,-0.1113487035036087,1.220754623413086,0.9075666666030884,0.5514685317963148,1.0302711600231118,0.90807292885302,0.781047236919403,0.8362012177705767,2.4898126206724465
boltz_results_AcrR_70,0.8756610751152039,-0.4725393652915954,0.9393582940101624,0.9608758687973022,0.9339197278022766,0.472855207324028,0.8296021819114685,-0.09296493977308272,0.6403186917304993,0.8732391595840454,0.9050466418266296,-0.4636476039886474,0.9156972765922546,0.0,0.9156972765922546,0.4963111907243729,0.893875002861023,-0.10155057907104492,0.9699764251708984,0.9043211340904236,0.6601384065779564,1.0199000823479965,0.9280964108585242,0.7805900618433952,0.8354341417551041,2.608134899784477
boltz_results_AcrR_705,0.8880612254142761,-0.4774629771709442,0.9495676159858704,0.969343602657318,0.944569170475006,0.47997652888298037,0.843843400478363,-0.08520600199699402,0.530832052230835,0.8850727677345276,0.9000353813171387,-0.4650857150554657,0.9192973375320436,0.0,0.9192973375320436,0.4923709571361542,0.8864025473594666,-0.09867742657661438,0.9060214161872864,0.8979406356811523,0.5858934929647459,1.0274903797837678,0.951986660002406,0.8023803174495696,0.8265484511852264,2.5653705327509195
boltz_results_AcrR_706,0.8825112581253052,-0.4760489761829376,0.9465600848197936,0.9606454968452454,0.9430000185966492,0.47657445371150975,0.8436163067817688,-0.09040413051843643,0.5868187546730042,0.8783940672874451,0.9029942750930786,-0.4585129022598266,0.9049770832061768,0.0,0.9049770832061768,0.4963741987943649,0.8870498538017273,-0.1093086004257202,1.1903387308120728,0.9051090478897096,0.49298467695213505,1.0420153571798345,0.9510359571857089,0.7885154142975808,0.8336617439985277,2.4860359913176784
boltz_results_AcrR_707,0.8737247586250305,-0.4741695821285248,0.9430105090141296,0.958221971988678,0.9391657114028932,0.471021842956543,0.814121663570404,-0.09331805258989333,0.6466617584228516,0.8732405304908752,0.8975577354431152,-0.4638753533363342,0.9155040979385376,0.0,0.9155040979385376,0.4911891132593155,0.883808970451355,-0.10022854059934615,0.9892762303352356,0.8952251076698303,0.6536715819035879,1.0258454478987424,0.9211511659070827,0.776774738729,0.8223103269934655,2.600668195709413
boltz_results_AcrR_708,0.8820421099662781,-0.4754009246826172,0.945368766784668,0.9663151502609252,0.9402451515197754,0.47641578614711766,0.8333661556243896,-0.08788665384054183,0.5571144819259644,0.8798871040344238,0.902314841747284,-0.4559594988822937,0.8984370827674866,0.0,0.8984370827674866,0.496806338429451,0.9060213565826416,-0.1120280921459198,1.2524265050888062,0.9048567414283752,0.44482808345425495,1.0465342198738123,0.9198085117636796,0.7930153116583825,0.8336754888296127,2.411170815091747
boltz_results_AcrR_709,0.8738685846328735,-0.4714482724666596,0.9350224137306212,0.9502171277999878,0.9312615990638732,0.47221902906894686,0.8171209692955017,-0.09522928297519682,0.691787600517273,0.8748533725738525,0.9005706906318665,-0.473679006099701,0.9388697743415833,0.0,0.9388697743415833,0.49004775583744054,0.8827298283576965,-0.08700058609247208,0.725822925567627,0.8928152322769165,0.9531079498160838,0.9918964530698141,0.9256750401374122,0.7803948462009429,0.822183395922184,2.87067944302331
boltz_results_AcrR_71,0.8693825602531433,-0.466339111328125,0.926237165927887,0.9448642730712892,0.9215291738510132,0.4703429162502289,0.8139753341674805,-0.10335560888051985,0.7646140456199646,0.8719423413276672,0.903167188167572,-0.463011771440506,0.9146194458007812,0.0,0.9146194458007812,0.4951672434806824,0.8952379822731018,-0.10549961775541306,1.031096339225769,0.9023888111114502,0.7415544178869833,1.0075547574261143,0.9092278816194918,0.7725905373692512,0.8290446653962136,2.6583370569325893
boltz_results_AcrR_710,0.8675112724304199,-0.4753927886486054,0.9446813464164734,0.9554800987243652,0.9422693252563475,0.46652033925056463,0.8015863299369812,-0.09570737928152084,0.6860476136207581,0.8685824871063232,0.9075709581375122,-0.460568368434906,0.9098162651062012,0.0,0.9098162651062012,0.4988552808761597,0.9059141874313354,-0.10458029806613922,1.1142185926437378,0.9091143608093262,0.6157208452184895,1.0356699054466323,0.8848369316412081,0.7640026584267616,0.8428209751844407,2.53622768230633
boltz_results_AcrR_711,0.8739215731620789,-0.4722277522087097,0.9393945932388306,0.9572986960411072,0.9348692893981934,0.4716543167829514,0.8216071724891663,-0.09355884045362473,0.6432740688323975,0.8736929297447205,0.8993232846260071,-0.4622396230697632,0.913050413131714,0.0,0.913050413131714,0.4927403509616852,0.8969659805297852,-0.10600169748067854,1.088301658630371,0.8991855382919312,0.5910806656694418,1.0238966829790284,0.9159847645547171,0.7795606538653375,0.8236845687031746,2.5309621132031874
boltz_results_AcrR_712,0.8795785903930664,-0.4664465188980102,0.9257965683937072,0.9497506022453308,0.9197821021080016,0.4774132609367371,0.838335394859314,-0.10159727185964584,0.7338443398475647,0.8823392391204834,0.9071399569511414,-0.4641167223453522,0.9171253442764282,0.0,0.9171253442764282,0.4975540101528168,0.901922047138214,-0.1006852462887764,0.955321490764618,0.9067919850349426,0.7681647978631906,1.0028968317669482,0.929498727211892,0.7917087092995643,0.8395440265536309,2.700560356842031
boltz_results_AcrR_72,0.8750074505805969,-0.4706872403621674,0.9390262365341188,0.9590922594070436,0.9339545369148254,0.4724514901638031,0.8257306218147278,-0.095540814101696,0.6605333685874939,0.8724437952041626,0.9019554257392884,-0.4627513289451599,0.9146971106529236,0.0,0.9146971106529236,0.4943235188722611,0.8869272470474243,-0.10248580574989317,0.989417850971222,0.900400698184967,0.6675979900090826,1.0210533367140031,0.9310015275363117,0.7786672309041023,0.8294870823621752,2.6196528542593973
boltz_results_AcrR_737,0.8791583180427551,-0.4800513684749604,0.9553892612457277,0.9710644483566284,0.9514272809028624,0.473055312037468,0.8261009454727173,-0.08362767100334167,0.5147038102149963,0.8749858140945435,0.9016249775886536,-0.4688329994678498,0.927418887615204,0.0,0.927418887615204,0.49234705865383155,0.8864917755126953,-0.0935000330209732,0.8311042189598083,0.897672176361084,0.6193011640094768,1.0258873240649589,0.9318766042639803,0.7843620866537093,0.8276862025260927,2.577065092338416
boltz_results_AcrR_738,0.8827409148216248,-0.4769068658351898,0.9495588541030884,0.967726230621338,0.9450369477272034,0.47632002830505377,0.8369352221488953,-0.08772145956754684,0.5720151662826538,0.8785743117332458,0.9013453722000122,-0.4573657214641571,0.9016498327255248,0.0,0.9016498327255248,0.4956980913877488,0.8941166996955872,-0.11078188568353653,1.216351866722107,0.9036532640457152,0.4702711295409545,1.048119695060029,0.9360469639296973,0.7902660146355629,0.8312037482857704,2.454437788530681
boltz_results_AcrR_739,0.8703745007514954,-0.4749764800071716,0.9440855979919434,0.9566993713378906,0.940954864025116,0.4685707241296769,0.8055200576782227,-0.0929155945777893,0.6512535810470581,0.8711355924606323,0.8959035277366638,-0.4600407481193542,0.9087159633636476,0.0,0.9087159633636476,0.4909852057695389,0.8770828247070312,-0.10827119648456572,1.167438507080078,0.8957939147949219,0.5578482953041627,1.0354774230466193,0.9184081993023722,0.7718142420053482,0.8184671759605409,2.5117339176531543
boltz_results_AcrR_740,0.8769803047180176,-0.4747727513313294,0.9446108937263488,0.9611352682113647,0.9404674172401428,0.47303993701934816,0.8300970196723938,-0.0928499549627304,0.6222495436668396,0.8751789331436157,0.9015745520591736,-0.4635501801967621,0.9163137078285216,0.0,0.9163137078285216,0.49383932054042823,0.8843269348144531,-0.1025521531701088,1.0522276163101196,0.9005842804908752,0.5913640110006826,1.0263596508545754,0.9386766217253829,0.7805961638689041,0.8283212676644327,2.5564002835806408
boltz_results_AcrR_741,0.8753183484077454,-0.4757169485092163,0.946593165397644,0.967751443386078,0.9413053393363952,0.47162481248378757,0.8221963047981262,-0.08959350734949112,0.5837253928184509,0.8715323209762573,0.8997380137443542,-0.463906466960907,0.9160316586494446,0.0,0.9160316586494446,0.4926155149936676,0.8789181709289551,-0.10181616991758345,1.0099281072616575,0.8979267477989197,0.5779870751406033,1.0275904008865948,0.9354639965278249,0.7778466776013375,0.8248196259140967,2.541041472555023
boltz_results_AcrR_742,0.8687908053398132,-0.474019855260849,0.9418666362762452,0.9581095576286316,0.9378121495246888,0.46778699159622195,0.7986805438995361,-0.09241249412298203,0.6362771987915039,0.8697829246520996,0.9003806114196777,-0.452567607164383,0.8918769955635071,0.0,0.8918769955635071,0.4963785588741303,0.9038664698600768,-0.11734621971845627,1.3448430299758911,0.9046397805213928,0.4731237658293179,1.051503911626467,0.883626697672695,0.7711375668644904,0.8311045125126839,2.4082543751284797
boltz_results_AcrR_743,0.8740826845169067,-0.4753725826740265,0.9453437328338624,0.966229259967804,0.9401128888130188,0.47094706594944,0.8244157433509827,-0.08821413666009903,0.5590387582778931,0.8701357245445251,0.8962306380271912,-0.4629754722118378,0.9132348299026488,0.0,0.9132348299026488,0.4905887663364411,0.8848702311515808,-0.10306648910045622,1.0051525831222534,0.8942776322364807,0.5561730305078458,1.0294317058770472,0.93167982640582,0.7774960711598395,0.8188244372606279,2.517284562790713
boltz_results_AcrR_744,0.8756101727485657,-0.4702206552028656,0.9341649413108826,0.9547837972640992,0.9289535880088806,0.4735343307256699,0.8425562381744385,-0.1058831512928009,0.8458489179611206,0.8712114691734314,0.9031547904014589,-0.4630255699157715,0.9148788452148438,0.0,0.9148788452148438,0.4951230853796006,0.8953866362571716,-0.10318431258201598,1.0412508249282837,0.9020456075668336,0.8123392536273655,1.0153842695867907,0.9409971112551212,0.7686419934034348,0.8309588104486467,2.768720634469277
boltz_results_AcrR_769,0.8923733830451965,-0.4623548686504364,0.9163239598274232,0.9293723106384276,0.9130259156227112,0.487512156367302,0.855374813079834,-0.1135069951415062,0.946994423866272,0.9004107117652893,0.9081329703330994,-0.454655647277832,0.89411860704422,0.0,0.89411860704422,0.5014000922441483,0.900864839553833,-0.11329682916402815,1.2564418315887451,0.9144006967544556,0.7537113140119004,1.0211463092586732,0.9495040493571393,0.8120610043406487,0.8478483125567435,2.724361672627713
boltz_results_AcrR_770,0.8982996940612793,-0.4763038754463196,0.9475935101509094,0.9731822609901428,0.941171169281006,0.48728690743446357,0.8576372861862183,-0.08677831292152405,0.5383536219596863,0.8970109224319458,0.911340355873108,-0.458744764328003,0.9043209552764891,0.0,0.9043209552764891,0.5022023797035218,0.9139314889907836,-0.10943727195262908,1.196906328201294,0.9149888157844543,0.44978759763825626,1.0407490435663411,0.9384043514391558,0.8212156414985659,0.8490091592073441,2.4289409926437533
boltz_results_AcrR_771,0.8966755867004395,-0.4710866808891296,0.935918927192688,0.956249475479126,0.9307803511619568,0.48777562975883487,0.8595015406608582,-0.09489251673221588,0.6532803773880005,0.8984902501106262,0.9096400141716005,-0.4584584534168244,0.9028089046478271,0.0,0.9028089046478271,0.5012412935495377,0.9005905389785767,-0.10717274248600005,1.124087691307068,0.9138829708099364,0.5811649593177008,1.0309826878868025,0.9543754941459629,0.8202866822481156,0.8494930684566497,2.566523141350466
boltz_results_AcrR_772,0.8982742428779602,-0.4672094583511352,0.9288674592971802,0.9515454173088074,0.9231356978416444,0.4898442417383194,0.8732999563217163,-0.10140573978424072,0.7082086801528931,0.9017449021339417,0.908907115459442,-0.4544609785079956,0.894913911819458,0.0,0.894913911819458,0.5018230199813842,0.9012466669082642,-0.1138160154223442,1.2875951528549194,0.9138944745063782,0.550024344672794,1.0315357551709174,0.9689910524913015,0.822973945736885,0.8474405005574226,2.550551152335013
boltz_results_AcrR_773,0.8814771771430969,-0.4611644446849823,0.9134061336517334,0.933269739151001,0.908620834350586,0.4804222404956818,0.8243058323860168,-0.10915245860815047,0.884089469909668,0.8928682208061218,0.9109393358230592,-0.4598364233970642,0.9061866402626038,0.0,0.9061866402626038,0.5016701221466064,0.9060075879096984,-0.10766445100307465,1.1651065349578855,0.91461843252182,0.758805691482646,1.0026861950726584,0.9098222171492181,0.8029735580086708,0.8487876802682877,2.6713141037045225
boltz_results_AcrR_774,0.8861843347549438,-0.4656544029712677,0.9239183068275452,0.9419938921928406,0.9193496108055116,0.4822129547595978,0.8324227929115295,-0.10248485207557677,0.7931422591209412,0.8943808078765869,0.909875214099884,-0.4554678499698639,0.8958700895309448,0.0,0.8958700895309448,0.502357080578804,0.9127396941184998,-0.11288346350193022,1.2810791730880735,0.9156743884086608,0.6191204070620021,1.0262086228226015,0.9120045926297331,0.8084545075893401,0.8496801555156708,2.557333622514337
boltz_results_AcrR_775,0.8938757181167603,-0.4680909216403961,0.9288299083709716,0.949003040790558,0.9237839579582214,0.4868254601955414,0.8536930680274963,-0.09995044767856598,0.7233050465583801,0.8985397219657898,0.9085351824760436,-0.4565548002719879,0.8982956409454346,0.0,0.8982956409454346,0.5011023283004761,0.9075747728347778,-0.1127413809299469,1.230588674545288,0.9137156009674072,0.5877715775546585,1.028374085157489,0.9406311122564768,0.817323812842369,0.8455217480659485,2.556776774968624
boltz_results_AcrR_776,0.8872864842414856,-0.4691158533096314,0.9320102334022522,0.946302592754364,0.9284067153930664,0.4818580180406571,0.8423950672149658,-0.0998900532722473,0.7236930131912231,0.8930376768112183,0.91037255525589,-0.453650712966919,0.8926129937171936,0.0,0.8926129937171936,0.5031468123197556,0.9078208804130554,-0.1160825490951538,1.3231565952301023,0.9168892502784728,0.5469443418867364,1.0400999334849625,0.927930922707659,0.8058897882699967,0.8503028005361557,2.514975198079358
boltz_results_AcrR_8,0.8854119181632996,-0.4674381017684936,0.9284911155700684,0.9552634954452516,0.9218034744262696,0.48105317354202276,0.8437495231628418,-0.10032126307487488,0.703744649887085,0.8876917362213135,0.9055882692337036,-0.4663191437721252,0.9222754836082458,0.0,0.9222754836082458,0.49577906429767615,0.8858017325401306,-0.100372776389122,0.9869542121887208,0.9043009877204896,0.7130469085555898,0.9994882123721542,0.9525263861736873,0.8009855449199677,0.8333881318569185,2.6650615071014316
boltz_results_AcrR_801,0.8843029141426086,-0.4623138308525086,0.915092408657074,0.9236021637916564,0.9129415154457092,0.4821330308914185,0.8253083825111389,-0.11731968820095062,0.9897683262825012,0.8977048993110657,0.9117621779441832,-0.4581451416015625,0.9014126658439636,0.0,0.9014126658439636,0.5028922557830812,0.9034426212310792,-0.1091426983475685,1.1906195878982544,0.9160144329071044,0.8313052601710454,1.0127897577198468,0.9135149959900382,0.800204411149025,0.8516188487410545,2.7576100138809303
boltz_results_AcrR_802,0.8744336366653442,-0.4650259613990784,0.9203190207481384,0.9318984746932985,0.9173922538757324,0.47462926805019384,0.7723371386528015,-0.1047820672392845,0.8243206143379211,0.8966203331947327,0.907312512397766,-0.4519867897033692,0.8886362314224243,0.0,0.8886362314224243,0.501589870452881,0.8953120112419128,-0.1170211210846901,1.3714231252670288,0.91433984041214,0.601069501564237,1.032359723176354,0.8626457915844005,0.8014415726065636,0.8469218000769616,2.4960750163249914
boltz_results_AcrR_803,0.8900424242019653,-0.4716108441352844,0.9381076693534852,0.9587310552597046,0.932913064956665,0.4829143702983857,0.8483882546424866,-0.09456868469715117,0.6411752104759216,0.8905155062675476,0.9098154306411744,-0.4579697847366333,0.9019528031349182,0.0,0.9019528031349182,0.5014795899391175,0.9069948196411132,-0.10931626707315445,1.1764062643051147,0.9140066504478456,0.5450287285359314,1.034325811410684,0.9353837930167931,0.8072503477334978,0.8482001885771753,2.5147383329634083
boltz_results_AcrR_804,0.8920464515686035,-0.4752061367034912,0.944862186908722,0.956382691860199,0.941950261592865,0.48336339294910435,0.8437338471412659,-0.09405356645584105,0.6691573858261108,0.8946869969367981,0.9071403741836548,-0.4534236490726471,0.8923780918121338,0.0,0.8923780918121338,0.5009570360183716,0.9110217690467834,-0.11391101777553557,1.2642710208892822,0.9127452969551086,0.5292831796108312,1.0555506351350088,0.9261401602116248,0.8087906867265702,0.8463676661252975,2.510973974957465
boltz_results_AcrR_805,0.8795236945152283,-0.4704926609992981,0.9343008399009703,0.9486541152000428,0.9307599067687988,0.4762061417102814,0.807330310344696,-0.0999535173177719,0.7418813705444336,0.8864891529083252,0.9080960154533386,-0.4577941000461578,0.9008895754814148,0.0,0.9008895754814148,0.5004437267780304,0.8977845907211304,-0.1108277291059494,1.2321633100509644,0.9120845794677734,0.6020966250924548,1.033156484546313,0.8992472344576794,0.7922491163015366,0.8439064770936966,2.5345003440964473
boltz_results_AcrR_806,0.8906716704368591,-0.478344589471817,0.9524023532867432,0.9714607000350952,0.9475852847099304,0.4813814252614975,0.8477621674537659,-0.08584097772836685,0.5411291718482971,0.8848463892936707,0.9093457460403442,-0.4539994895458222,0.8933477997779846,0.0,0.8933477997779846,0.5023398369550706,0.904802680015564,-0.11438334733247757,1.2938226461410522,0.9153225421905518,0.4182406093000967,1.0607126193688785,0.9369580640932486,0.8020422473549842,0.8492795422673227,2.4159112927622237
boltz_results_AcrR_807,0.8850628137588501,-0.4687180817127228,0.9301722645759584,0.9474503993988036,0.9258244037628174,0.48058195710182194,0.8446829319000244,-0.10102327913045883,0.7339362502098083,0.8885409832000732,0.9097058176994324,-0.4572981894016266,0.8998476266860962,0.0,0.8998476266860962,0.5016936928033829,0.9041640162467957,-0.1101398840546608,1.1853954792022705,0.9140018224716188,0.6191488520807601,1.0288679730949415,0.9342142760849094,0.7993815794587136,0.8482574418187143,2.582231101260611
boltz_results_AcrR_808,0.8759318590164185,-0.4659931063652038,0.9242181777954102,0.9317463636398317,0.9225671291351318,0.47512313723564154,0.800544023513794,-0.10749755799770355,0.8328818678855896,0.888701319694519,0.9095306396484376,-0.45674929022789,0.8997343182563782,0.0,0.8997343182563782,0.5015888541936876,0.9129327535629272,-0.11062164604663847,1.200751781463623,0.9133899211883544,0.6936336724567432,1.025377281287883,0.8768926521581017,0.7903337925672531,0.8476078391075135,2.595903605902728
boltz_results_AcrR_833,0.8841906785964966,-0.4682355523109436,0.93046897649765,0.9507958889007568,0.9253313541412354,0.4799416154623032,0.830062747001648,-0.10007866472005843,0.7292413711547852,0.8909083604812622,0.9050514101982116,-0.4671617448329926,0.923677146434784,0.0,0.923677146434784,0.4952172368764878,0.8954277634620667,-0.0971778631210327,0.8813966512680054,0.9036664366722108,0.8273702539097184,1.001790893834319,0.9270013516135657,0.8025357589125632,0.8345440655946734,2.756162499357603
boltz_results_AcrR_834,0.8860418200492859,-0.4761992692947388,0.9477341175079346,0.9659945368766784,0.9431187510490416,0.4788403511047364,0.8361170887947083,-0.08801063150167465,0.5673390626907349,0.8834214210510254,0.9055374264717102,-0.4605767726898194,0.9098520278930664,0.0,0.9098520278930664,0.4974522858858109,0.896439254283905,-0.10381468385457993,1.0004713535308838,0.906545102596283,0.5670717714090167,1.036562783986986,0.9327091432008034,0.7980518713593483,0.8396059319376947,2.5363436985968058
boltz_results_AcrR_835,0.8831475377082825,-0.4706636667251587,0.9348419904708862,0.950553059577942,0.9308710694313048,0.47862316668033605,0.8291892409324646,-0.0971764624118805,0.6938334107398987,0.8869208097457886,0.904167652130127,-0.4629079699516296,0.9142098426818848,0.0,0.9142098426818848,0.4959114074707032,0.8967631459236145,-0.1031467095017433,0.9818444848060608,0.904264271259308,0.7066632460403832,1.0182247291284279,0.9246468754895668,0.7977038472890854,0.8341209992766383,2.649534850658378
boltz_results_AcrR_836,0.8844041228294373,-0.4728028774261474,0.9396737813949584,0.9558831453323364,0.9355769753456116,0.4788226813077927,0.8282554745674133,-0.0935644879937172,0.6465469598770142,0.887132465839386,0.9084553122520448,-0.4627095460891724,0.9140092730522156,0.0,0.9140092730522156,0.4988867193460465,0.8883996605873108,-0.10339131206274033,0.9849281907081604,0.910124897956848,0.6564407090552955,1.023596809057936,0.9323005301688917,0.799587781727314,0.8429107591509819,2.612338048282123
boltz_results_AcrR_837,0.8763118982315063,-0.4690979421138764,0.932868242263794,0.9568985104560852,0.926878035068512,0.47419499754905703,0.8164661526679993,-0.09846360236406325,0.6928256154060364,0.8801712989807129,0.9082412719726562,-0.47054722905159,0.9312812685966492,0.0,0.9312812685966492,0.4963646918535233,0.8959099054336548,-0.0933825895190239,0.8103514313697815,0.9057337045669556,0.8549693239079188,0.9952718542972818,0.9113261810324536,0.7868047520518302,0.8381685778498649,2.761567359237654
boltz_results_AcrR_838,0.8760088086128235,-0.4657008945941925,0.925876796245575,0.9489542841911316,0.9200439453125,0.4749479800462723,0.8208487629890442,-0.1025824099779129,0.7577295899391174,0.8801963329315186,0.9051494598388672,-0.4569405317306518,0.9013106226921082,0.0,0.9013106226921082,0.49836003482341773,0.8919953107833862,-0.11052285134792328,1.212200164794922,0.9083898067474364,0.6250861961129239,1.0207845354850447,0.9202388768929085,0.7868610084056855,0.839286458492279,2.566109608490877
boltz_results_AcrR_839,0.8858242034912109,-0.4723257422447204,0.9388476610183716,0.957775056362152,0.9342154264450072,0.47991260290145876,0.8358136415481567,-0.09410759061574935,0.6426756978034973,0.8875627517700195,0.9081090092658995,-0.4610415399074554,0.9096409678459167,0.0,0.9096409678459167,0.4992492944002152,0.9044504165649414,-0.10436215996742247,1.0347753763198853,0.9100833535194396,0.6210774942182464,1.0270155583001985,0.9241121749078697,0.8010420218110084,0.8439289480447769,2.5722052274263145
boltz_results_AcrR_840,0.8667152523994446,-0.4685158431529999,0.9300296306610109,0.944567084312439,0.9263553023338318,0.4679876536130905,0.7756544947624207,-0.10248035937547682,0.7564086318016052,0.8801347613334656,0.9062440991401672,-0.4561081230640412,0.8983702063560486,0.0,0.8983702063560486,0.49951693117618556,0.8980729579925537,-0.10840030014514923,1.1474075317382812,0.9099908471107484,0.6592327580904697,1.0311509617970256,0.8636876189839043,0.7771262124180793,0.8449993550777437,2.5540713388713994
boltz_results_AcrR_865,0.8842569589614868,-0.4747012555599212,0.9445770978927612,0.9637914896011353,0.9398626685142516,0.47804730832576753,0.8274140954017639,-0.09134478867053986,0.6010497808456421,0.8855649828910828,0.9019123315811156,-0.4543638527393341,0.8942532539367676,0.0,0.8942532539367676,0.4971048563718796,0.8972169756889343,-0.1157088652253151,1.3110430240631104,0.9061424732208252,0.4584516067084531,1.051002794092946,0.9222006692042671,0.7975662469863891,0.8331746116280556,2.4316550700056663
boltz_results_AcrR_866,0.8817273378372192,-0.4712519943714142,0.9359291791915894,0.9525258541107178,0.9317343831062316,0.4774972498416901,0.8287802338600159,-0.09588784724473952,0.6776589751243591,0.8852008581161499,0.9075431823730468,-0.4627037346363068,0.9134772419929504,0.0,0.9134772419929504,0.4983327925205231,0.8919585347175598,-0.10224924236536025,0.98667973279953,0.9079485535621644,0.6868074336559251,1.0199864214169685,0.9291690158247665,0.7955582663416862,0.8413283690810205,2.63596287089766
boltz_results_AcrR_867,0.8775164484977722,-0.4712899625301361,0.937792956829071,0.9532440900802612,0.9338877201080322,0.4743460267782212,0.8209024667739868,-0.0977552905678749,0.6879743933677673,0.8811627626419067,0.9052896499633788,-0.4676022231578827,0.924679696559906,0.0,0.924679696559906,0.4952431678771973,0.8832730650901794,-0.09528274834156035,0.8279759287834167,0.9035660624504088,0.8309111043586012,1.0099580682720546,0.9293869576903437,0.7864635363221169,0.835924258828163,2.770256130320999
boltz_results_AcrR_868,0.8832302093505859,-0.4731484055519104,0.9405763149261476,0.958519160747528,0.936041295528412,0.4778915584087372,0.844204306602478,-0.09327304363250732,0.6344456076622009,0.8812496662139893,0.9052398800849916,-0.4558457136154175,0.8987054824829102,0.0,0.8987054824829102,0.49878037273883824,0.8970853686332703,-0.10813619196414948,1.0932823419570925,0.9088134765625,0.5803126816504466,1.0415439916337796,0.9410523637105377,0.7927197754383086,0.8436119437217713,2.562909036994764
boltz_results_AcrR_869,0.8852872252464294,-0.475154310464859,0.9454208612442015,0.9647408723831176,0.9405377507209778,0.4786395907402039,0.8327559232711792,-0.0902402177453041,0.5887991786003113,0.8862378001213074,0.9059376120567322,-0.4635107815265656,0.9159339666366576,0.0,0.9159339666366576,0.4968911796808243,0.8883887529373169,-0.10048746317625044,0.9540334343910216,0.9056034088134766,0.6171682850676543,1.0268619627402467,0.9373778320783592,0.7994828626513482,0.8384963437914847,2.58140807988626
boltz_results_AcrR_870,0.876068115234375,-0.4737671613693238,0.942948281764984,0.9623215198516846,0.9380517601966858,0.47264143228530886,0.8137395977973938,-0.0920358970761299,0.6192273497581482,0.8776547312736511,0.906220555305481,-0.4606407880783081,0.9092482924461364,0.0,0.9092482924461364,0.4980049669742585,0.9013501405715942,-0.1058918386697769,1.0564451217651367,0.9078308939933776,0.5861424668453451,1.0316783303194994,0.9028007665049657,0.7844931051135062,0.839303234219551,2.52062156366981
boltz_results_AcrR_871,0.8744868636131287,-0.465035080909729,0.9225146174430848,0.9410385489463806,0.9179292917251588,0.47436395883560184,0.8289310336112976,-0.10680129379034042,0.8179975152015686,0.8787671327590942,0.9066484570503236,-0.4646774232387542,0.9182860851287842,0.0,0.9182860851287842,0.49705650210380564,0.8939112424850464,-0.1002655029296875,0.9060203433036804,0.9063634276390076,0.9028467420707702,0.9996114572469261,0.9273079856417223,0.7812947168946267,0.8384770035743714,2.8297661849594187
boltz_results_AcrR_872,0.8776154518127441,-0.4685444235801697,0.92925763130188,0.9476616382598876,0.9246367812156676,0.47558769881725316,0.8148851990699768,-0.0981784090399742,0.7053754925727844,0.8832523822784424,0.9068004488945008,-0.4584227204322815,0.9042832255363464,0.0,0.9042832255363464,0.49908639788627623,0.9057459831237792,-0.10602685064077377,1.0497233867645264,0.9092013835906982,0.6719632061803478,1.0225079434236426,0.8996840331099925,0.7921172484755516,0.8438382104039193,2.594155182713983
boltz_results_AcrR_897,0.8755853772163391,-0.4745864570140838,0.9416772723197936,0.9611740112304688,0.9368077516555786,0.47248430550098425,0.7874177694320679,-0.08840851485729218,0.587817907333374,0.8827107548713684,0.8874883055686951,-0.4586350917816162,0.9028698801994324,0.0,0.9028698801994324,0.4860035687685013,0.8692899942398071,-0.10732104629278183,1.1721267700195312,0.886131227016449,0.5014968707894788,1.037588884290447,0.90581713196948,0.7922000885009766,0.8061786577105523,2.444902887049406
boltz_results_AcrR_898,0.8840175867080688,-0.4747798144817352,0.9432930946350098,0.9541671872138976,0.9405465722084044,0.4780592411756516,0.8204960227012634,-0.09334812313318253,0.6395295262336731,0.8864780068397522,0.8973680734634399,-0.4555076658725738,0.8967779278755188,0.0,0.8967779278755188,0.4936335444450379,0.8802464008331299,-0.11221329122781752,1.2633588314056396,0.8995074033737183,0.5062136823962509,1.0488065584269834,0.9321208492584414,0.7964093104004859,0.8254199907183648,2.4871410900816757
boltz_results_AcrR_899,0.876599907875061,-0.4665336012840271,0.9257354140281676,0.9440540075302124,0.9211053848266602,0.4753738254308701,0.8042783737182617,-0.1023329496383667,0.7505618929862976,0.8836506009101868,0.8914929628372192,-0.4593843221664428,0.9043267965316772,0.0,0.9043267965316772,0.48855644464492803,0.8761506676673889,-0.10499748587608337,1.052509307861328,0.8907611966133118,0.7131166322048214,1.0185536781165094,0.9179681114202929,0.7901578754186631,0.8149358332157135,2.6496384217416233
boltz_results_AcrR_900,0.8855276107788086,-0.4660252332687378,0.9244979619979858,0.943328857421875,0.9198752045631408,0.4816817462444306,0.8228815793991089,-0.10112542659044264,0.7440253496170044,0.8932394981384277,0.8988900184631348,-0.4528626203536988,0.8909940123558044,0.0,0.8909940123558044,0.495475235581398,0.8990607261657715,-0.111391581594944,1.2582039833068848,0.9029160141944884,0.5913392100869954,1.0324145749655196,0.9152680741694232,0.807770584523678,0.8341370478272436,2.539021859221938
boltz_results_AcrR_901,0.8509140014648438,-0.4701891243457794,0.9308871030807496,0.9555560350418092,0.9246520400047302,0.45700641572475437,0.728268563747406,-0.09443901479244232,0.6794918179512024,0.8636566400527954,0.8862301111221313,-0.4531667828559876,0.8900737762451172,0.0,0.8900737762451172,0.4868980407714844,0.8562980890274048,-0.11306092888116835,1.3314146995544434,0.887693464756012,0.5103532492007139,1.0388487613976063,0.8504848639503371,0.7560349166393281,0.8083637937903405,2.3996868745486575
boltz_results_AcrR_902,0.8712512850761414,-0.4798178970813751,0.953985869884491,0.9663782715797424,0.9509420990943908,0.4678122013807297,0.7675037384033203,-0.08311636745929718,0.5344656705856323,0.8782772421836853,0.8956853747367859,-0.4552632570266724,0.8954752087593079,0.0,0.8954752087593079,0.4926558375358582,0.8875773549079895,-0.11222779750823975,1.2560518980026243,0.8980989456176758,0.4255124103036988,1.0619412908280654,0.8647175754984008,0.7831551790237428,0.8232637286186217,2.352171276630165
boltz_results_AcrR_903,0.8722066283226013,-0.4697129130363464,0.9327861070632936,0.954159140586853,0.9273841977119446,0.4713839262723923,0.8095242381095886,-0.09641345590353012,0.6760059595108032,0.8735378384590149,0.8921293616294861,-0.458663821220398,0.9029164910316468,0.0,0.9029164910316468,0.48918786942958836,0.8675547242164612,-0.10484994947910307,1.0964096784591677,0.8916301131248474,0.616563290886691,1.0270985267445294,0.9331102874700115,0.7787953957915306,0.8173042118549347,2.576772105101232
boltz_results_AcrR_904,0.8806101679801941,-0.4707083702087402,0.9346718192100524,0.9546646475791932,0.9296186566352844,0.47690211534500127,0.8100205063819885,-0.09296778589487074,0.6294028759002686,0.8870100975036621,0.8980419039726257,-0.456468939781189,0.8980958461761475,0.0,0.8980958461761475,0.4939156383275986,0.8918342590332031,-0.11010504513978958,1.2100592851638794,0.9004443287849426,0.5201421811453047,1.0350996061203854,0.9082635009559902,0.8002360567450524,0.8277859821915627,2.4635052882216804
boltz_results_AcrR_929,0.8613783717155457,-0.4734651744365692,0.9399771690368652,0.953385293483734,0.9366067051887512,0.46295077800750734,0.7531059980392456,-0.0950639247894287,0.6725379228591919,0.8722350597381592,0.8886974453926086,-0.4576073586940766,0.9006946086883545,0.0,0.9006946086883545,0.48713394403457644,0.8627195954322815,-0.10865823924541472,1.1781879663467407,0.8886804580688477,0.570823961939248,1.0398715570782577,0.8729441199975155,0.7666567385196685,0.8095488041639327,2.483639639015021
boltz_results_AcrR_930,0.8816043734550476,-0.4696900248527527,0.9308046698570251,0.9414985775947572,0.928483247756958,0.47811739742755893,0.819979190826416,-0.09969859570264815,0.7422988414764404,0.8865811824798584,0.9008135795593262,-0.4522530734539032,0.8893126845359802,0.0,0.8893126845359802,0.49702886641025545,0.9036142230033876,-0.1163949742913246,1.361228108406067,0.905791163444519,0.545315540351012,1.044045883863015,0.9074438736710123,0.7953099593520165,0.8341719821095466,2.496805297885039
boltz_results_AcrR_931,0.8760849237442017,-0.4711649119853974,0.9358730316162108,0.9506882429122924,0.9321284890174866,0.473625859618187,0.802300751209259,-0.09659545123577118,0.6878272891044617,0.881756067276001,0.8878876566886902,-0.4555576145648956,0.895948588848114,0.0,0.895948588848114,0.4872298657894135,0.8759291768074036,-0.1112544536590576,1.258913516998291,0.8879712224006653,0.5463657986169637,1.040381669907966,0.9159424899322269,0.7876215636730195,0.8083890199661257,2.5026899584571565
boltz_results_AcrR_932,0.8812994360923767,-0.4716111719608307,0.938010573387146,0.9592295289039612,0.932647466659546,0.4769169002771378,0.8327181339263916,-0.09302903711795807,0.6297447681427002,0.8819262385368347,0.902542769908905,-0.4630305469036102,0.9138476252555848,0.0,0.9138476252555848,0.4948441058397294,0.901440680027008,-0.10269104689359665,1.0459842681884766,0.9023885726928712,0.6020595025136899,1.0205721839006838,0.9237636512049164,0.7942029297351838,0.8315110847353937,2.5463953376192903
boltz_results_AcrR_933,0.8588800430297852,-0.4610589146614074,0.9141789078712464,0.9397033452987672,0.907727599143982,0.464780405163765,0.7827897667884827,-0.10675788670778275,0.8097171783447266,0.8643500804901123,0.8892946243286133,-0.4593790769577026,0.9055919647216796,0.0,0.9055919647216796,0.4868711262941361,0.8698897957801819,-0.10503209382295607,1.0875403881072998,0.8876000046730042,0.7445398692308957,1.002358274482878,0.8998723408249876,0.761313684284687,0.8100599601864815,2.646770484538761
boltz_results_AcrR_934,0.8823267221450806,-0.4753026366233826,0.942537784576416,0.9505041241645812,0.9411377310752868,0.477000692486763,0.8225478529930115,-0.09227612614631653,0.6390646696090698,0.8832654356956482,0.8957638144493103,-0.449860543012619,0.8835364580154419,0.0,0.8835364580154419,0.4943513184785843,0.8966415524482727,-0.11832378804683685,1.416995882987976,0.9009142518043518,0.45099966575872724,1.0651939968490107,0.9173653069580046,0.792687365412712,0.8270812392234803,2.4335589695657425
boltz_results_AcrR_935,0.8759743571281433,-0.4712017476558686,0.9366222023963928,0.9557799696922302,0.9319437742233276,0.47344680130481726,0.8063193559646606,-0.0959741175174713,0.6652958393096924,0.8805593848228455,0.8900970816612244,-0.4568934142589569,0.8983981609344482,0.0,0.8983981609344482,0.48841193914413455,0.8730044960975647,-0.10980071127414702,1.189120531082153,0.8901606202125549,0.5594856214485199,1.0373393610400845,0.9236142076804934,0.7868303209543228,0.8118784338235856,2.520439190169098
boltz_results_AcrR_936,0.8801290392875671,-0.46880441904068,0.931967794895172,0.9510285258293152,0.927173674106598,0.47694312632083896,0.8126993775367737,-0.09850123524665833,0.6996491551399231,0.886364221572876,0.8995079398155212,-0.454788088798523,0.8945410847663879,0.0,0.8945410847663879,0.4954122602939606,0.8932123184204102,-0.1133991852402687,1.2731878757476809,0.9033392071723938,0.5495254616126889,1.036479698804144,0.9098613630564135,0.7960016936063767,0.8305641934275627,2.4958665234732464
boltz_results_AcrR_961,0.8830900192260742,-0.4702505767345428,0.933734893798828,0.9566738605499268,0.927952766418457,0.4787358075380326,0.8406751155853271,-0.09497065842151642,0.6494153141975403,0.8833955526351929,0.8996807336807251,-0.4622982144355774,0.9127790331840516,0.0,0.9127790331840516,0.49302339553833013,0.8915934562683105,-0.0997953489422798,0.9592894315719604,0.899720311164856,0.6769753661659358,1.0166236654028684,0.9428906298885393,0.7969101250171662,0.8306501433253288,2.6364896614573436
boltz_results_AcrR_962,0.8834331631660461,-0.4691880345344544,0.9295693635940552,0.9365653395652772,0.9278011918067932,0.47954452037811285,0.8311946988105774,-0.09892993420362473,0.7513665556907654,0.8862674236297607,0.9033388495445251,-0.4558446705341339,0.8994604349136353,0.0,0.8994604349136353,0.49736964106559756,0.9031572937965392,-0.10959254950284958,1.200534105300903,0.9072779417037964,0.6258602336852747,1.0315086198270402,0.9203210830713023,0.7976939752697945,0.8392103627324103,2.5776899365836172
boltz_results_AcrR_963,0.8785053491592407,-0.4708967208862304,0.9349530339241028,0.9534764885902404,0.9302712082862854,0.47541637718677526,0.8322367668151855,-0.09450037032365798,0.6529516577720642,0.8788461685180664,0.9006122946739197,-0.4676826894283294,0.9244048595428468,0.0,0.9244048595428468,0.4920652270317078,0.8811516761779785,-0.09356288611888885,0.809474527835846,0.8968435525894165,0.8066364478666793,1.006346081679341,0.9444875261714727,0.7888654544949532,0.827663204073906,2.757470055717493
boltz_results_AcrR_964,0.8833670020103455,-0.4673181176185608,0.9268601536750792,0.9423800706863404,0.9230210185050964,0.47987152636051184,0.8450014591217041,-0.1003028154373169,0.7302432060241699,0.8863356113433838,0.9052165150642396,-0.4627610445022583,0.9138773083686828,0.0,0.9138773083686828,0.49667819142341624,0.908569037914276,-0.10279351472854613,1.008670687675476,0.905439794063568,0.7239659236128354,1.0100054023146015,0.9300354996264252,0.7985862046480179,0.8365634262561799,2.6640068255538623
boltz_results_AcrR_965,0.8778513073921204,-0.4707746505737304,0.932298183441162,0.9551168084144592,0.9265308380126952,0.4753317326307297,0.8152201175689697,-0.093497097492218,0.6594348549842834,0.8835147619247437,0.8964910507202148,-0.4653747379779816,0.91908597946167,0.0,0.91908597946167,0.48996327519416816,0.8793139457702637,-0.0973081961274147,0.8975017666816711,0.8937125205993652,0.7347449102216352,1.0081002851935417,0.9271092781939801,0.7945747464895248,0.8209928616881372,2.669954473609157
boltz_results_AcrR_966,0.8821995854377747,-0.4765345752239228,0.9482559561729432,0.9656211137771606,0.9438669681549072,0.4761270046234131,0.8353877663612366,-0.0870312973856926,0.5627750158309937,0.8782896399497986,0.9033724069595336,-0.4653509855270386,0.9199212789535522,0.0,0.9199212789535522,0.4945793211460114,0.8940383195877075,-0.09615461528301238,0.8662760853767395,0.901296317577362,0.6496485650833191,1.0260301503500324,0.934398166229029,0.7908507719635964,0.8343700379133223,2.6100768816623807
boltz_results_AcrR_967,0.8774634599685669,-0.4717014133930206,0.9377135634422302,0.9614588618278505,0.9317119121551514,0.4743205219507218,0.8262972831726074,-0.09259098023176192,0.6094055771827698,0.8779606223106384,0.8990031480789185,-0.4635718762874604,0.915168285369873,0.0,0.915168285369873,0.4922290086746216,0.8790689706802368,-0.09863068163394928,0.912054717540741,0.8974858522415161,0.668167781452814,1.0180771417123486,0.9399686608585515,0.7879887506365777,0.827512302994728,2.626213584023714
boltz_results_AcrR_968,0.8792814612388611,-0.4658750891685486,0.924324095249176,0.9420719146728516,0.9198383092880248,0.4774113923311234,0.8309515118598938,-0.10187596827745438,0.7497141361236572,0.8854777216911316,0.907066285610199,-0.460311084985733,0.9083945155143738,0.0,0.9083945155143738,0.4987038254737854,0.9104496836662292,-0.10605892539024353,1.07642662525177,0.9090440273284912,0.6964841992349486,1.0125978234987152,0.9126825202616254,0.795138056576252,0.8413778424263001,2.6217645429952894
boltz_results_AcrR_97,0.8723484873771667,-0.4740941226482392,0.9426559805870056,0.9606263041496276,0.9381371736526488,0.4701244205236435,0.8165565729141235,-0.0937843844294548,0.6427956223487854,0.8731212019920349,0.8949123620986938,-0.4610823392868042,0.9096933603286744,0.0,0.9096933603286744,0.4901693791151047,0.883541464805603,-0.10632602870464325,1.0885071754455566,0.8933035731315613,0.5905295223117579,1.0312674738152399,0.9241859102716616,0.7753671154379844,0.8160645842552186,2.5459829063986597
boltz_results_AcrR_98,0.8777235150337219,-0.4751546680927276,0.9457408785820008,0.963716685771942,0.941197395324707,0.47339556217193607,0.8223045468330383,-0.09194734692573547,0.6155654191970825,0.8778831958770752,0.898656964302063,-0.4627896845340729,0.9142220616340636,0.0,0.9142220616340636,0.4921211212873459,0.8799430131912231,-0.10237476974725722,0.99406498670578,0.8969159126281738,0.6192406205121431,1.0295063254571086,0.9344975009811696,0.7841767430305482,0.8238725796341897,2.583244446950421
boltz_results_AcrR_99,0.8781006932258606,-0.4739985466003418,0.9424836039543152,0.958976149559021,0.9384811520576476,0.47410274744033815,0.8234671950340271,-0.0931808352470398,0.6404461860656738,0.8781319856643677,0.8976241946220398,-0.4675281941890716,0.92523992061615,0.0,0.92523992061615,0.48989613652229314,0.8801937103271484,-0.09803824126720427,0.8913076519966125,0.8935938477516174,0.7185467157507449,1.0143111328710068,0.9355522373909746,0.7850553512573242,0.8179235488176346,2.6684100860127264
boltz_results_AcrR_993,0.8777260184288025,-0.474130928516388,0.9420165419578552,0.9595772624015808,0.9376713037490844,0.473909330368042,0.8284792900085449,-0.09170234948396683,0.6319021582603455,0.876076877117157,0.8977670073509216,-0.4619840681552887,0.9122867584228516,0.0,0.9122867584228516,0.4917753636837006,0.8946937322616577,-0.10393180698156357,1.0764344930648804,0.8967640995979309,0.5870326177129095,1.0278251822597066,0.9259920575438344,0.7841529294848442,0.8226235881447792,2.5408498575164504
boltz_results_AcrR_994,0.8627043962478638,-0.4619317352771759,0.9163324236869812,0.9424229860305786,0.909738063812256,0.4671135723590851,0.7943648099899292,-0.1043929010629654,0.7990795969963074,0.8719877600669861,0.900726318359375,-0.4520667791366577,0.8911893367767334,0.0,0.8911893367767334,0.4967108100652695,0.9077635407447816,-0.11410411447286604,1.2642539739608765,0.9051800966262816,0.6320562271936633,1.0208134526189574,0.8750789983679962,0.7727766960859299,0.8357200130820273,2.527948678180617
boltz_results_AcrR_995,0.88312828540802,-0.4742366969585418,0.9432774186134338,0.9620389342308044,0.9385433197021484,0.477450042963028,0.8251394033432007,-0.08975032716989517,0.5904521346092224,0.8843039274215698,0.8996418118476868,-0.4573190808296204,0.9009764790534972,0.0,0.9009764790534972,0.4946194469928742,0.901293694972992,-0.10936476290225983,1.18364155292511,0.9018401503562928,0.4988437024283658,1.0416956951951912,0.9155055759797882,0.7977669462561607,0.829775753617287,2.4560449736033454
boltz_results_AcrR_996,0.8826965689659119,-0.4691958427429199,0.9320793151855468,0.9494358897209167,0.9277772307395936,0.4786929935216904,0.8444539904594421,-0.09722699224948883,0.6982560753822327,0.8838012218475342,0.9004109501838684,-0.4600321650505066,0.9075645208358764,0.0,0.9075645208358764,0.4942423820495606,0.8939999341964722,-0.10428638756275177,1.0758507251739502,0.9010151624679564,0.6490269133474204,1.0222713751360633,0.9445794771992215,0.7960713803768158,0.8309389919042587,2.615877765682705
boltz_results_AcrR_997,0.8732314109802246,-0.4734213054180145,0.9411696791648864,0.9610074162483216,0.9361557364463806,0.4709357887506485,0.8118248581886292,-0.09192638844251633,0.6211642026901245,0.8733615279197693,0.8977913856506348,-0.4672928750514984,0.9234394431114196,0.0,0.9234394431114196,0.4902586787939072,0.8731705546379089,-0.09434616565704344,0.8546897768974304,0.8937004804611206,0.7267715368551426,1.0137705763272522,0.9297437412159197,0.7789496228098869,0.8223201185464859,2.6702858543983146
boltz_results_AcrR_998,0.8724679946899414,-0.4626637399196625,0.9187017679214478,0.9422854781150818,0.912854790687561,0.4735002368688584,0.8201137185096741,-0.1053934097290039,0.8028304576873779,0.8779372572898865,0.900018036365509,-0.4544262290000916,0.8951048851013184,0.0,0.8951048851013184,0.49568547010421765,0.8993114829063416,-0.11270812153816223,1.2764335870742798,0.90298330783844,0.628963751672776,1.0198299728687477,0.9119351126923001,0.7833803445100784,0.8315344274044039,2.5607288372338237
boltz_results_AcrR_999,0.8788625001907349,-0.4710744023323059,0.9364575743675232,0.959839642047882,0.9305477738380432,0.4754550606012345,0.8261816501617432,-0.09387437999248505,0.6262020468711853,0.8806687593460083,0.901160717010498,-0.4664675891399384,0.9216271042823792,0.0,0.9216271042823792,0.49282424151897436,0.8856820464134216,-0.09569675475358963,0.8802610039710999,0.898253858089447,0.7113822423647252,1.0096792612914853,0.9328196879539041,0.7911750376224518,0.8289137557148933,2.6538811916101146
