{
    "confidence_score": 0.893058717250824,
    "ptm": 0.9330499768257141,
    "iptm": 0.9291656613349915,
    "ligand_iptm": 0.9535898566246033,
    "protein_iptm": 0.9249605536460876,
    "complex_plddt": 0.8840318918228149,
    "complex_iplddt": 0.8966549038887024,
    "complex_pde": 0.4186348021030426,
    "complex_ipde": 0.708403468132019,
    "chains_ptm": {
        "0": 0.9432251453399658,
        "1": 0.9435745477676392,
        "2": 0.9343804717063904,
        "3": 0.9366593956947327
    },
    "pair_chains_iptm": {
        "0": {
            "0": 0.9432251453399658,
            "1": 0.92454594373703,
            "2": 0.5386784076690674,
            "3": 0.4793091118335724
        },
        "1": {
            "0": 0.9249605536460876,
            "1": 0.9435745477676392,
            "2": 0.47530555725097656,
            "3": 0.5440548062324524
        },
        "2": {
            "0": 0.9596078991889954,
            "1": 0.9506620764732361,
            "2": 0.9343804717063904,
            "3": 0.5184147953987122
        },
        "3": {
            "0": 0.951622486114502,
            "1": 0.9594997763633728,
            "2": 0.5183106064796448,
            "3": 0.9366593956947327
        }
    }
}