{
    "confidence_score": 0.8402342796325684,
    "ptm": 0.8759292960166931,
    "iptm": 0.8607829213142395,
    "ligand_iptm": 0.0,
    "protein_iptm": 0.8607829213142395,
    "complex_plddt": 0.835097074508667,
    "complex_iplddt": 0.8338227868080139,
    "complex_pde": 0.5462084412574768,
    "complex_ipde": 1.768203854560852,
    "chains_ptm": {
        "0": 0.9070891737937927,
        "1": 0.9032834768295288
    },
    "pair_chains_iptm": {
        "0": {
            "0": 0.9070891737937927,
            "1": 0.8607829213142395
        },
        "1": {
            "0": 0.857219934463501,
            "1": 0.9032834768295288
        }
    }
}