{
    "confidence_score": 0.8748390078544617,
    "ptm": 0.9048797488212585,
    "iptm": 0.8915543556213379,
    "ligand_iptm": 0.0,
    "protein_iptm": 0.8915543556213379,
    "complex_plddt": 0.870660126209259,
    "complex_iplddt": 0.8770107626914978,
    "complex_pde": 0.4776303172111511,
    "complex_ipde": 1.4636491537094116,
    "chains_ptm": {
        "0": 0.9301165342330933,
        "1": 0.9286219477653503
    },
    "pair_chains_iptm": {
        "0": {
            "0": 0.9301165342330933,
            "1": 0.8915543556213379
        },
        "1": {
            "0": 0.8904069662094116,
            "1": 0.9286219477653503
        }
    }
}