{
    "confidence_score": 0.8887333869934082,
    "ptm": 0.9263742566108704,
    "iptm": 0.9224516153335571,
    "ligand_iptm": 0.9526745080947876,
    "protein_iptm": 0.9170143008232117,
    "complex_plddt": 0.8803038597106934,
    "complex_iplddt": 0.896212100982666,
    "complex_pde": 0.4496641457080841,
    "complex_ipde": 0.769454836845398,
    "chains_ptm": {
        "0": 0.9360389113426208,
        "1": 0.9375002384185791,
        "2": 0.9316272139549255,
        "3": 0.9331685304641724
    },
    "pair_chains_iptm": {
        "0": {
            "0": 0.9360389113426208,
            "1": 0.9159115552902222,
            "2": 0.5437266230583191,
            "3": 0.4748891592025757
        },
        "1": {
            "0": 0.9170143008232117,
            "1": 0.9375002384185791,
            "2": 0.4747985899448395,
            "3": 0.5456302762031555
        },
        "2": {
            "0": 0.9583296775817871,
            "1": 0.9490249752998352,
            "2": 0.9316272139549255,
            "3": 0.5642361640930176
        },
        "3": {
            "0": 0.9488599896430969,
            "1": 0.9570119976997375,
            "2": 0.5667803287506104,
            "3": 0.9331685304641724
        }
    }
}