{
    "confidence_score": 0.8583845496177673,
    "ptm": 0.9098422527313232,
    "iptm": 0.9062361717224121,
    "ligand_iptm": 0.9579928517341614,
    "protein_iptm": 0.8954719305038452,
    "complex_plddt": 0.8464216589927673,
    "complex_iplddt": 0.850744366645813,
    "complex_pde": 0.47807127237319946,
    "complex_ipde": 0.8337603211402893,
    "chains_ptm": {
        "0": 0.9223007559776306,
        "1": 0.9226038455963135,
        "2": 0.9348816275596619,
        "3": 0.9359187483787537
    },
    "pair_chains_iptm": {
        "0": {
            "0": 0.9223007559776306,
            "1": 0.8954719305038452,
            "2": 0.5192490220069885,
            "3": 0.46333444118499756
        },
        "1": {
            "0": 0.8948764801025391,
            "1": 0.9226038455963135,
            "2": 0.45645231008529663,
            "3": 0.5384386777877808
        },
        "2": {
            "0": 0.9625522494316101,
            "1": 0.9521838426589966,
            "2": 0.9348816275596619,
            "3": 0.5095775127410889
        },
        "3": {
            "0": 0.9541524052619934,
            "1": 0.9650219082832336,
            "2": 0.4890255630016327,
            "3": 0.9359187483787537
        }
    }
}