{
    "confidence_score": 0.8863758444786072,
    "ptm": 0.9210724830627441,
    "iptm": 0.9161320924758911,
    "ligand_iptm": 0.937824547290802,
    "protein_iptm": 0.9126434922218323,
    "complex_plddt": 0.878936767578125,
    "complex_iplddt": 0.8795969486236572,
    "complex_pde": 0.46629613637924194,
    "complex_ipde": 0.8588829040527344,
    "chains_ptm": {
        "0": 0.9318326711654663,
        "1": 0.9322302937507629,
        "2": 0.9297201633453369,
        "3": 0.9307008385658264
    },
    "pair_chains_iptm": {
        "0": {
            "0": 0.9318326711654663,
            "1": 0.9117053747177124,
            "2": 0.505591094493866,
            "3": 0.4329066574573517
        },
        "1": {
            "0": 0.9126434922218323,
            "1": 0.9322302937507629,
            "2": 0.4326312839984894,
            "3": 0.5100495219230652
        },
        "2": {
            "0": 0.9443171620368958,
            "1": 0.935315728187561,
            "2": 0.9297201633453369,
            "3": 0.5224519371986389
        },
        "3": {
            "0": 0.934033989906311,
            "1": 0.9422959685325623,
            "2": 0.5271783471107483,
            "3": 0.9307008385658264
        }
    }
}