{
    "confidence_score": 0.9118337631225586,
    "ptm": 0.9352531433105469,
    "iptm": 0.930610716342926,
    "ligand_iptm": 0.9603198170661926,
    "protein_iptm": 0.9243074655532837,
    "complex_plddt": 0.9071395397186279,
    "complex_iplddt": 0.9112039804458618,
    "complex_pde": 0.3927338719367981,
    "complex_ipde": 0.6954627633094788,
    "chains_ptm": {
        "0": 0.9466949105262756,
        "1": 0.9465758800506592,
        "2": 0.9258703589439392,
        "3": 0.9319006204605103
    },
    "pair_chains_iptm": {
        "0": {
            "0": 0.9466949105262756,
            "1": 0.9243074655532837,
            "2": 0.5989704132080078,
            "3": 0.5040268301963806
        },
        "1": {
            "0": 0.924254298210144,
            "1": 0.9465758800506592,
            "2": 0.5041760206222534,
            "3": 0.5948973298072815
        },
        "2": {
            "0": 0.9654335975646973,
            "1": 0.9539303779602051,
            "2": 0.9258703589439392,
            "3": 0.5956751704216003
        },
        "3": {
            "0": 0.9548406600952148,
            "1": 0.9667088985443115,
            "2": 0.604002058506012,
            "3": 0.9319006204605103
        }
    }
}