{
    "confidence_score": 0.8983228802680969,
    "ptm": 0.9233461618423462,
    "iptm": 0.9172720313072205,
    "ligand_iptm": 0.9423931837081909,
    "protein_iptm": 0.9121454954147339,
    "complex_plddt": 0.8935855627059937,
    "complex_iplddt": 0.8794933557510376,
    "complex_pde": 0.4318883717060089,
    "complex_ipde": 0.8413116335868835,
    "chains_ptm": {
        "0": 0.9364908337593079,
        "1": 0.9368417859077454,
        "2": 0.9186677932739258,
        "3": 0.9257782697677612
    },
    "pair_chains_iptm": {
        "0": {
            "0": 0.9364908337593079,
            "1": 0.9112987518310547,
            "2": 0.5570482611656189,
            "3": 0.4388078451156616
        },
        "1": {
            "0": 0.9121454954147339,
            "1": 0.9368417859077454,
            "2": 0.4332675039768219,
            "3": 0.5584509372711182
        },
        "2": {
            "0": 0.9501991271972656,
            "1": 0.9339288473129272,
            "2": 0.9186677932739258,
            "3": 0.48184627294540405
        },
        "3": {
            "0": 0.9361802339553833,
            "1": 0.9515246748924255,
            "2": 0.48366251587867737,
            "3": 0.9257782697677612
        }
    }
}