{
    "confidence_score": 0.908166229724884,
    "ptm": 0.9333294630050659,
    "iptm": 0.9283026456832886,
    "ligand_iptm": 0.9566693305969238,
    "protein_iptm": 0.9226101040840149,
    "complex_plddt": 0.9031320810317993,
    "complex_iplddt": 0.9058176875114441,
    "complex_pde": 0.39878615736961365,
    "complex_ipde": 0.7170538306236267,
    "chains_ptm": {
        "0": 0.945879340171814,
        "1": 0.9450373649597168,
        "2": 0.9245607852935791,
        "3": 0.9293354749679565
    },
    "pair_chains_iptm": {
        "0": {
            "0": 0.945879340171814,
            "1": 0.9226101040840149,
            "2": 0.5908024907112122,
            "3": 0.48326244950294495
        },
        "1": {
            "0": 0.9222061038017273,
            "1": 0.9450373649597168,
            "2": 0.48489779233932495,
            "3": 0.5883404016494751
        },
        "2": {
            "0": 0.9632976055145264,
            "1": 0.9486362934112549,
            "2": 0.9245607852935791,
            "3": 0.5570670962333679
        },
        "3": {
            "0": 0.9507988691329956,
            "1": 0.965494692325592,
            "2": 0.5735074281692505,
            "3": 0.9293354749679565
        }
    }
}