{
    "confidence_score": 0.8957911729812622,
    "ptm": 0.9337871074676514,
    "iptm": 0.929206907749176,
    "ligand_iptm": 0.9451999664306641,
    "protein_iptm": 0.9261893033981323,
    "complex_plddt": 0.8874371647834778,
    "complex_iplddt": 0.8636499643325806,
    "complex_pde": 0.39937058091163635,
    "complex_ipde": 0.7600418329238892,
    "chains_ptm": {
        "0": 0.9462733864784241,
        "1": 0.9451543092727661,
        "2": 0.919175386428833,
        "3": 0.9249813556671143
    },
    "pair_chains_iptm": {
        "0": {
            "0": 0.9462733864784241,
            "1": 0.9261893033981323,
            "2": 0.5583988428115845,
            "3": 0.4229784607887268
        },
        "1": {
            "0": 0.9252115488052368,
            "1": 0.9451543092727661,
            "2": 0.42255350947380066,
            "3": 0.5554728507995605
        },
        "2": {
            "0": 0.951083779335022,
            "1": 0.9386885166168213,
            "2": 0.919175386428833,
            "3": 0.46106162667274475
        },
        "3": {
            "0": 0.9395892024040222,
            "1": 0.9524542093276978,
            "2": 0.47098809480667114,
            "3": 0.9249813556671143
        }
    }
}