{
    "confidence_score": 0.902195155620575,
    "ptm": 0.9281261563301086,
    "iptm": 0.9224737286567688,
    "ligand_iptm": 0.937428891658783,
    "protein_iptm": 0.9197371006011963,
    "complex_plddt": 0.8971255421638489,
    "complex_iplddt": 0.8740546703338623,
    "complex_pde": 0.42760172486305237,
    "complex_ipde": 0.8420562148094177,
    "chains_ptm": {
        "0": 0.9430162310600281,
        "1": 0.9420435428619385,
        "2": 0.9159359931945801,
        "3": 0.9206705093383789
    },
    "pair_chains_iptm": {
        "0": {
            "0": 0.9430162310600281,
            "1": 0.9197371006011963,
            "2": 0.5451909303665161,
            "3": 0.4045639634132385
        },
        "1": {
            "0": 0.9185023903846741,
            "1": 0.9420435428619385,
            "2": 0.4155357778072357,
            "3": 0.5313713550567627
        },
        "2": {
            "0": 0.9461057782173157,
            "1": 0.9318521618843079,
            "2": 0.9159359931945801,
            "3": 0.44492560625076294
        },
        "3": {
            "0": 0.9293277859687805,
            "1": 0.9424607753753662,
            "2": 0.4590180814266205,
            "3": 0.9206705093383789
        }
    }
}