{
    "confidence_score": 0.8835294842720032,
    "ptm": 0.9209078550338745,
    "iptm": 0.9172908067703247,
    "ligand_iptm": 0.9634671211242676,
    "protein_iptm": 0.9076672196388245,
    "complex_plddt": 0.8750891089439392,
    "complex_iplddt": 0.8844125866889954,
    "complex_pde": 0.4373379349708557,
    "complex_ipde": 0.7393068075180054,
    "chains_ptm": {
        "0": 0.9350294470787048,
        "1": 0.9350024461746216,
        "2": 0.933883786201477,
        "3": 0.9352786540985107
    },
    "pair_chains_iptm": {
        "0": {
            "0": 0.9350294470787048,
            "1": 0.907620370388031,
            "2": 0.5644880533218384,
            "3": 0.4852764308452606
        },
        "1": {
            "0": 0.9076672196388245,
            "1": 0.9350024461746216,
            "2": 0.4860057234764099,
            "3": 0.563336968421936
        },
        "2": {
            "0": 0.9686498045921326,
            "1": 0.958195149898529,
            "2": 0.933883786201477,
            "3": 0.5316050052642822
        },
        "3": {
            "0": 0.9591025710105896,
            "1": 0.9699212908744812,
            "2": 0.5318591594696045,
            "3": 0.9352786540985107
        }
    }
}