{
    "confidence_score": 0.8571913838386536,
    "ptm": 0.8751465082168579,
    "iptm": 0.8609228730201721,
    "ligand_iptm": 0.0,
    "protein_iptm": 0.8609228730201721,
    "complex_plddt": 0.8562585115432739,
    "complex_iplddt": 0.8619252443313599,
    "complex_pde": 0.5456003546714783,
    "complex_ipde": 1.6555719375610352,
    "chains_ptm": {
        "0": 0.8989025950431824,
        "1": 0.8990640640258789
    },
    "pair_chains_iptm": {
        "0": {
            "0": 0.8989025950431824,
            "1": 0.8605738878250122
        },
        "1": {
            "0": 0.8609228730201721,
            "1": 0.8990640640258789
        }
    }
}